year,month,day,hour,kamchay,lrchrum,atay,tatay,kirirom1,kirirom3
2016,1,1,1,1360589.062,2144145.945,1566725.624,1218240,78342.18748,63829.68748
2016,1,1,2,1227757.496,2015777.813,1501799.066,1147584.371,76317.18748,63078.75
2016,1,1,3,1131409.688,1962241.875,1477558.127,1096613.44,74528.43748,62243.43748
2016,1,1,4,1053050.621,1959204.377,1473364.688,1084876.875,72883.12504,61534.68748
2016,1,1,5,1109219.064,2117137.496,1553647.497,1093744.687,73279.68748,60792.18748
2016,1,1,6,1206596.251,2513868.753,1807692.187,1143146.25,72916.87504,60302.81252
2016,1,1,7,1315549.694,2656732.499,1906900.307,1292709.373,72140.62504,59847.18748
2016,1,1,8,1345325.634,2599281.569,1901567.805,1226593.124,70925.62504,59222.81252
2016,1,1,9,1216029.375,2725228.113,1959550.322,1309128.752,69896.25,59020.31252
2016,1,1,10,1143450,2726966.234,1894235.624,1402177.5,68959.68748,58741.87504
2016,1,1,11,1132194.375,2639975.618,1864788.749,1335082.498,68512.5,58320
2016,1,1,12,1134556.87,2575327.496,1810569.376,1340921.255,67854.37504,58100.62504
2016,1,1,13,1091660.626,2748600.013,1972535.638,1365423.751,67432.5,57628.12504
2016,1,1,14,1108535.622,3078084.387,2166395.612,1453106.249,67230,57476.25
2016,1,1,15,1122491.252,3088783.124,2183675.642,1466015.623,66588.75,56919.37504
2016,1,1,16,1238810.625,2825347.499,1986828.756,1426629.375,66234.37504,56598.75
2016,1,1,17,1416909.387,3103869.375,2133033.746,1520218.136,70807.5,56801.25
2016,1,1,18,1404826.864,2758691.25,1918704.375,1411425.007,71246.25,56430
2016,1,1,19,1369659.377,2664140.623,1883925.003,1426730.623,70453.12504,56041.87504
2016,1,1,20,1469458.126,2834578.114,2000565.012,1407881.252,69136.87504,55468.12504
2016,1,1,21,1464058.13,2729632.514,1906605.01,1420942.497,68293.12504,55248.75
2016,1,1,22,1443183.756,2767179.378,1938751.875,1380678.748,67635,55485
2016,1,1,23,1397081.251,2724603.743,1893729.372,1392406.876,68175,57121.87504
2016,1,1,24,1422005.624,2956314.37,2101494.386,1456042.497,70891.87504,60665.62504
2016,1,2,1,1346827.511,2940924.375,2095200.008,1478840.625,72427.5,59028.75
2016,1,2,2,1174365,2837176.877,2027834.991,1455536.249,71752.5,62133.75
2016,1,2,3,1059243.75,2782603.124,1999046.248,1410007.511,73372.5,61678.12504
2016,1,2,4,1027670.625,2761897.503,2001914.99,1337968.125,71769.37504,60041.25
2016,1,2,5,1110273.75,2881153.123,2020156.875,1507899.386,72798.75,61222.5
2016,1,2,6,1211355.01,2816606.25,1975505.624,1478098.125,72562.5,59788.12504
2016,1,2,7,1192387.5,2729902.504,1917202.5,1425144.374,70132.5,61053.75
2016,1,2,8,1127975.625,2480895.01,1758256.874,1295274.374,67111.87504,58201.87504
2016,1,2,9,1103776.875,2414846.25,1735610.626,1291798.124,65711.25,56075.62504
2016,1,2,10,1136514.375,2565202.5,1842496.877,1290718.124,66960,55653.75
2016,1,2,11,1052139.375,2478633.75,1822888.126,1240329.375,66200.62504,55096.87504
2016,1,2,12,966549.3748,2433121.877,1809877.5,1210730.625,63888.75,53814.37504
2016,1,2,13,906120,2218320,1662541.875,1121495.625,62116.87504,52717.5
2016,1,2,14,846635.625,2212785,1654391.25,1070060.625,60986.25,51806.25
2016,1,2,15,813543.75,2160168.75,1618734.375,1059041.25,59315.62504,50979.37504
2016,1,2,16,783455.625,2159966.25,1596375,1032986.25,58876.87504,50675.62504
2016,1,2,17,745233.75,2026130.626,1506043.125,985449.3748,57476.25,50253.75
2016,1,2,18,716293.125,2091369.375,1563300,972911.2504,57003.75,50051.25
2016,1,2,19,690778.125,2100043.125,1562388.75,1045035,58809.37504,50135.62504
2016,1,2,20,793074.375,2223112.5,1657935,1083915,60024.37504,50068.12504
2016,1,2,21,952340.6252,2587477.49,1932710.625,1115285.625,60210,50675.62504
2016,1,2,22,909275.6252,3186556.884,2327315.625,1263718.125,58927.5,50068.12504
2016,1,2,23,799351.875,3313186.907,2478127.49,1301231.25,59197.5,50456.25
2016,1,2,24,943987.5,3485531.261,2503625.626,1390533.75,69946.87504,52852.5
2016,1,3,1,1411813.125,3992017.51,2806143.75,1609756.875,81995.62504,53392.5
2016,1,3,2,1407037.5,3737255.603,2667076.874,1570826.25,75313.12504,52194.37504
2016,1,3,3,1247990.625,4654597.5,3303770.613,1693220.625,68647.5,52734.37504
2016,1,3,4,1219404.375,4651171.887,3236591.25,1686875.625,64327.5,52126.87504
2016,1,3,5,1202934.375,4983474.384,3550905.022,1817960.625,64243.12504,55316.25
2016,1,3,6,1283225.625,5590788.772,3798731.239,2050312.5,65829.37504,59028.75
2016,1,3,7,1252546.875,5404775.648,3735719.99,1914266.25,64141.87504,60986.25
2016,1,3,8,1196403.75,5292573.729,3626049.385,1827393.75,62420.62504,58218.75
2016,1,3,9,1214983.125,4997143.116,3400261.874,1850107.5,61205.62504,55771.87504
2016,1,3,10,1133763.75,4347961.865,3026278.126,1677476.25,59062.5,53578.12504
2016,1,3,11,1070988.75,4175499.377,2881271.25,1670760,58657.5,52599.37504
2016,1,3,12,1127385,4305588.75,3084564.375,1577829.375,59332.5,51806.25
2016,1,3,13,1157945.625,4251605.626,3059893.125,1604221.875,58623.75,51637.5
2016,1,3,14,1106628.75,4444200.022,3230280,1659976.875,57341.25,57712.5
2016,1,3,15,1105177.5,4954955.635,3534688.125,1842243.75,58623.75,62454.37504
2016,1,3,16,1236481.875,4528642.49,3240472.5,1715073.75,60058.12504,63804.37504
2016,1,3,17,1491699.375,5061622.5,3537320.613,2012698.125,64513.12504,69339.37504
2016,1,3,18,1803026.25,5808847.5,4120891.874,2355311.261,73254.37504,78654.37504
2016,1,3,19,1989511.875,6218488.135,4304998.145,2608993.136,81523.12504,82738.12504
2016,1,3,20,2001240,6193800.011,4332656.261,2387340,81776.25,76747.5
2016,1,3,21,1779570,5704627.5,4003526.25,2061652.5,80358.75,71212.5
2016,1,3,22,1510818.75,4933878.761,3462648.75,1828912.5,72967.5,64226.25
2016,1,3,23,1354725,4920480,3500178.761,1817876.25,67297.5,59096.25
2016,1,3,24,1362825,4409235,3141180,1759286.25,69153.75,59298.75
2016,1,4,1,1694891.25,5063343.75,3538856.25,1920746.25,77895,61053.75
2016,1,4,2,1769951.25,5601014.99,3913650,1983015,74587.5,59400
2016,1,4,3,1633567.5,5691161.261,3937747.5,2175558.75,70166.25,64057.5
2016,1,4,4,1712846.25,5532941.25,3814526.25,2157873.75,70436.25,64563.75
2016,1,4,5,2033572.5,5867099.99,4019186.25,2130840,79987.5,66150
2016,1,4,6,2341203.771,6861476.239,4681293.739,2441542.5,86568.75,67770
2016,1,4,7,2902905,8278267.5,5678302.511,2611203.75,98043.75,74148.75
2016,1,4,8,3016035,8401792.522,5690688.718,2909587.5,99731.25,74486.25
2016,1,4,9,2842728.75,8918774.991,6048202.5,3216442.5,102498.75,74891.25
2016,1,4,10,2763281.261,9285536.269,6357318.761,3234228.75,110160,78536.25
2016,1,4,11,2718798.75,10354702.5,6959385,3393528.75,110126.25,82215
2016,1,4,12,3151001.261,9312806.226,6385567.49,3213742.49,108472.5,83700
2016,1,4,13,3797853.75,8577292.522,5844352.49,3119748.75,122242.5,87378.75
2016,1,4,14,3158460.011,7803978.739,5410395,2827676.25,117618.75,79920
2016,1,4,15,2738036.25,7464521.229,5194361.239,2680728.75,105232.5,80898.75
2016,1,4,16,2693013.75,8014713.75,5660415,2851605,102701.25,85185
2016,1,4,17,2633107.51,8652318.748,6072097.51,2873778.75,99393.75,89673.75
2016,1,4,18,2900778.75,8803451.244,6150768.729,2980192.5,102971.25,88762.5
2016,1,4,19,3152520,9959996.252,6779632.511,3293493.75,115931.25,92812.5
2016,1,4,20,3037770,9692291.252,6649863.739,3138716.25,120588.75,89775
2016,1,4,21,3202368.75,10807222.51,7528612.511,3257381.25,132435,94128.75
2016,1,4,22,3137028.75,11434634.98,7979478.761,3537405,132165,93993.75
2016,1,4,23,3221775,10540766.26,7395705,3676623.75,149951.25,108371.25
2016,1,4,24,3240945,11299196.24,7984136.25,3821985,142661.25,113366.25
2016,1,5,1,3004998.75,11441013.74,8038372.5,3931098.75,131591.25,106076.25
2016,1,5,2,2820960,10926089.99,7723417.5,3783881.25,124031.25,94635
2016,1,5,3,2816775,10813263.75,7781096.239,3501866.25,125887.5,95580
2016,1,5,4,3155895,10470127.49,7522638.75,3498457.5,134325,94770
2016,1,5,5,3480502.5,11034495,7890108.761,3731771.25,148162.5,99933.75
2016,1,5,6,3504431.25,10428918.74,7398472.5,3596906.25,150288.75,100102.5
2016,1,5,7,3329943.75,9849937.504,7084901.261,3349620,143268.75,100136.25
2016,1,5,8,3078945,9605789.991,6983718.75,3065377.5,137936.25,93420
2016,1,5,9,2954036.25,9057285.017,6660191.25,3061091.25,145428.75,99225
2016,1,5,10,2907933.75,9221816.261,6766334.99,3270003.75,147960,102600
2016,1,5,11,2863417.5,9354960.009,6887936.25,3390356.25,139556.25,106312.5
2016,1,5,12,3009352.5,9529447.513,6917130,3548812.5,150153.75,108067.5
2016,1,5,13,3311617.5,10699627.5,7681905.011,3692385,163181.25,115357.5
2016,1,5,14,3340777.5,9984869.983,7184328.75,3462311.25,159806.25,112860
2016,1,5,15,3319413.75,9436432.504,6932216.25,3305407.5,159502.5,115020
2016,1,5,16,3333926.25,9760702.504,7129957.5,3333960,156228.75,111240
2016,1,5,17,3703623.75,10989135.01,7940058.761,3549183.75,160076.25,116910
2016,1,5,18,3992591.25,11318433.75,8111407.5,3816686.25,164970,125718.75
2016,1,5,19,4009803.75,12207408.77,8739900.009,4220943.75,171652.5,139252.5
2016,1,5,20,3934946.25,12074703.77,8655626.244,3919556.25,164666.25,128081.25
2016,1,5,21,4242780,12164546.26,8842297.504,3997215,185287.5,128182.5
2016,1,5,22,4965097.511,14096767.5,10085850,4631849.99,204255,149546.25
2016,1,5,23,5274618.75,14377634.99,10360676.24,4696380.01,213941.25,157713.75
2016,1,5,24,5432568.739,14062949.99,10126586.25,4635798.75,223863.75,149647.5
2016,1,6,1,5325074.99,13929063.74,10165365,4602993.75,230242.5,147521.25
2016,1,6,2,4828882.5,13131247.51,9590163.748,4545990,217620,146542.5
2016,1,6,3,4824191.25,13096316.25,9529312.487,4607853.75,225045,149141.25
2016,1,6,4,5114103.75,14018737.49,10139174.99,4833337.5,229938.75,154946.25
2016,1,6,5,5172052.5,14307637.51,10400602.5,4748287.5,235710,161392.5
2016,1,6,6,5136412.5,14665792.5,10714173.77,5044308.75,241211.25,168108.75
2016,1,6,7,5167327.5,14608316.24,10594766.26,5074245,243810,172833.75
2016,1,6,8,4972893.75,13469287.5,9896040,4761551.25,230242.5,165408.75
2016,1,6,9,5119537.5,13479075,9842276.252,4919332.5,235001.25,177221.25
2016,1,6,10,5511442.5,15314906.25,11082420,5214780,237937.5,182925
2016,1,6,11,6105577.5,16725285,12100455,6045300,243135,198348.75
2016,1,6,12,6952635,18227328.74,12951562.5,6669101.25,283128.75,229196.25
2016,1,6,13,7072650,17500893.75,12596816.25,6399168.75,304796.25,234123.75
2016,1,6,14,6300517.5,16169253.75,11818440,6036086.25,292140,224707.5
2016,1,6,15,5936253.75,16677900,12176527.5,6319923.75,300105,236587.5
2016,1,6,16,6566805,17516722.5,12787942.5,6701568.75,333618.75,252787.5
2016,1,6,17,6641122.5,17428061.26,12851358.74,6459176.25,323595,250155
2016,1,6,18,6296366.25,17376457.5,12770595,6421713.75,323021.25,245092.5
2016,1,6,19,6212902.5,16910437.5,12359823.77,6400957.5,319275,235811.25
2016,1,6,20,6209291.25,17656143.76,12947850,6822360,326295,245261.25
2016,1,6,21,6374531.25,18228678.74,13500607.5,6905823.75,348468.75,257715
2016,1,6,22,6736128.75,19031422.5,14084820,7227697.5,356805,262473.75
2016,1,6,23,6594750,17757326.24,13184268.76,6955605,335205,251133.75
2016,1,6,24,6925500,18270866.24,13545630.03,7105353.75,355016.25,255960
2016,1,7,1,7280313.75,18642015,13883670,7111192.5,345127.5,264532.5
2016,1,7,2,7414368.75,19166827.5,14276182.5,7385006.25,364432.5,287010
2016,1,7,3,7545048.75,19820463.74,14766873.77,7486796.25,360585,296763.75
2016,1,7,4,7593480,19932884.98,14762992.5,7590746.25,375502.5,305977.5
2016,1,7,5,7358613.75,19085692.51,14251207.51,7254393.75,382185,297911.25
2016,1,7,6,7093068.75,18965171.25,14198355,7172955,376548.75,297236.25
2016,1,7,7,6765322.5,18960345,14179421.24,7191180,367875,302535
2016,1,7,8,6670113.75,18831588.74,14078137.5,7202857.5,373342.5,288393.75
2016,1,7,9,7286321.261,20336602.5,15007781.24,7907962.5,396292.5,297978.75
2016,1,7,10,7997501.25,22503554.98,16571182.5,8402535,411041.25,313402.5
2016,1,7,11,8111475,21934293.76,16245562.5,8370000,416205,314988.75
2016,1,7,12,8050860.01,21523050.03,16033848.75,8479080.011,416373.75,319376.25
2016,1,7,13,8133176.25,22121673.74,16532471.26,8669261.261,433586.25,322177.5
2016,1,7,14,8141073.75,22484317.5,16674254.99,8923904.991,436590,324911.25
2016,1,7,15,8248601.261,22673317.44,16805171.25,8961097.504,444858.75,321131.25
2016,1,7,16,8375062.5,23206432.44,17158736.27,9328601.269,442833.75,331391.25
2016,1,7,17,8110901.25,22653776.3,16869633.77,9128531.244,429401.25,330986.25
2016,1,7,18,7793212.5,22475812.5,16769969.98,8949892.487,441483.75,339558.75
2016,1,7,19,7699488.739,23770125.01,17639370,9069840.026,442698.75,341178.75
2016,1,7,20,7696012.5,24252783.75,17951861.25,9332077.504,441213.75,347793.75
2016,1,7,21,7716329.99,23894223.77,17673187.57,9505586.244,430143.75,351573.75
2016,1,7,22,7804586.261,24126153.63,17925705.04,9618817.513,421503.75,352316.25
2016,1,7,23,8470946.239,26804351.31,19652388.72,10452476.26,438378.75,370305
2016,1,7,24,9245981.252,28567012.53,20877277.55,11216036.25,456165,389475
2016,1,8,1,9334035,28653783.74,20910318.7,11358225.01,462678.75,396157.5
2016,1,8,2,9133931.252,27993296.18,20542140.08,11248166.24,460721.25,400308.75
2016,1,8,3,9605216.269,28128836.3,20759928.77,11251372.47,509928.75,416745
2016,1,8,4,9695801.261,27000438.77,20118172.52,10986165,523395,429063.75
2016,1,8,5,9792258.748,28803363.68,21297397.52,11636358.77,539493.75,444420
2016,1,8,6,9948116.295,29866083.7,22205441.16,11709663.74,541890,452418.75
2016,1,8,7,10196853.76,30382458.77,22487827.5,12186753.75,556166.25,464737.5
2016,1,8,8,10448797.5,30128084.94,22302843.68,12309603.79,542733.75,467741.25
2016,1,8,9,10478126.24,30642569.94,22563224.91,12375618.75,553365,490050
2016,1,8,10,9982507.478,30515129.94,22526775.09,12455876.22,540135,480937.5
2016,1,8,11,9782538.765,30079586.22,22220628.78,12397758.77,543442.5,473782.5
2016,1,8,12,9793946.244,31176326.15,22939807.44,12805492.52,564603.75,497812.5
2016,1,8,13,9494381.278,31231709.91,23033868.72,12915416.27,558697.5,505305
2016,1,8,14,9700829.965,31001129.94,22847670.09,12998711.22,575268.75,506081.25
2016,1,8,15,10090541.27,31381560.09,23034847.5,13173974.98,579690,503685
2016,1,8,16,9963877.487,31570593.83,23208221.25,13214272.5,570780,502233.75
2016,1,8,17,9911227.513,33575951.32,24518835,13655283.78,579723.75,509085
2016,1,8,18,10213154.97,34265058.76,24971625.02,14058663.77,588566.25,525217.5
2016,1,8,19,10153653.73,35040161.37,25399777.45,14210032.52,598691.25,537738.75
2016,1,8,20,9785609.983,33334942.46,24288423.78,13539014.98,593325,523091.25
2016,1,8,21,9587193.748,33154785.09,24216468.72,13390818.74,592953.75,517185
2016,1,8,22,9603123.748,32455079.85,23652641.38,13274617.52,605677.5,514755
2016,1,8,23,9619695,31473461.42,22990466.27,13367598.78,633386.25,522483.75
2016,1,8,24,9462318.739,31628306.24,23119661.22,13409009.94,629538.75,533047.5
2016,1,9,1,9584527.47,32121022.5,23574982.56,13561897.52,641351.25,549483.75
2016,1,9,2,10065836.24,32800038.64,24071445.14,13822650.01,666123.75,573750
2016,1,9,3,10163812.48,32472630.07,23859427.51,13747589.98,666056.25,568991.25
2016,1,9,4,10670534.98,33795157.58,24763387.53,14237471.23,687015,578340
2016,1,9,5,11583708.78,36495494.78,26608263.81,15203733.73,740103.75,614486.25
2016,1,9,6,12375112.48,36734039.68,26833781.31,15491520.01,754211.25,625792.5
2016,1,9,7,12042945.02,35743038.59,26365061.27,15105014.94,756405,644996.25
2016,1,9,8,11598423.74,34823790.24,25604235.03,14910716.29,781852.5,663086.25
2016,1,9,9,11260181.3,33734137.65,24838109.97,14565419.96,758598.75,654412.5
2016,1,9,10,10989944.98,33774604.04,24835578.84,14469704.91,742466.25,638178.75
2016,1,9,11,11371185,37504215.13,27430616.33,15368602.52,755561.25,648810
2016,1,9,12,11720295.02,38310401.23,27996468.69,15655544.91,772976.25,670342.5
2016,1,9,13,11317927.53,37409546.11,27390015.18,15531851.26,781245,696870
2016,1,9,14,11033448.72,37065937.82,27205469.97,15633472.48,778713.75,704261.25
2016,1,9,15,10894365.03,37622373.57,27538110.12,15685413.7,783573.75,712395
2016,1,9,16,11007967.49,36553241.26,26775022.56,15450513.77,800280,712867.5
2016,1,9,17,11223832.49,35565243.7,26078321.14,15201270.1,788096.25,720292.5
2016,1,9,18,11117789.94,34944749.96,25724688.69,14977136.26,776621.25,709695
2016,1,9,19,11047387.53,34900571.3,25780275.09,14878417.6,767913.75,709188.75
2016,1,9,20,11164634.99,35847596.25,26389563.85,15203565.05,767778.75,722958.75
2016,1,9,21,11419042.55,36494752.48,26713563.66,15573768.75,779557.5,740036.25
2016,1,9,22,11726538.83,36086647.74,26562836.09,15406098.82,804701.25,735750
2016,1,9,23,11624310.01,35894407.65,26459426.33,15482576.3,797951.25,724443.75
2016,1,9,24,11510741.25,36567179.89,26998346.29,15501948.79,797377.5,724646.25
2016,1,10,1,11656507.48,38370611.35,28173453.68,16132398.79,818640,744491.25
2016,1,10,2,11919622.49,39305047.26,28830228.7,16609050.05,828225,757181.25
2016,1,10,3,11738013.73,39416861.37,28942110.05,16515933.78,820057.5,755156.25
2016,1,10,4,11613408.78,39073961.23,28812678.7,16227607.44,813037.5,748102.5
2016,1,10,5,11617728.74,39823042.37,29239649.9,16501792.44,821913.75,753198.75
2016,1,10,6,11586780.03,39103796.28,28835662.49,16165541.3,823871.25,757113.75
2016,1,10,7,11391569.99,38509188.52,28502651.3,16084811.22,810472.5,757417.5
2016,1,10,8,11287653.75,38987257.5,28937789.98,16212183.69,818538.75,775136.25
2016,1,10,9,11052956.24,38019948.87,28248615,16168950.03,809493.75,775980
2016,1,10,10,11039118.68,37254026.13,27550496.3,16084575.05,803385,771660
2016,1,10,11,11913176.23,37450822.44,27587891.42,16180796.27,828798.75,773145
2016,1,10,12,12248549.98,37314472.69,27609963.91,16138709.95,841117.5,794373.75
2016,1,10,13,12228401.27,38099430.24,28224956.22,16309586.24,834300,799976.25
2016,1,10,14,12309435,38903759.91,28647168.89,16539119.96,851445,812835
2016,1,10,15,12816562.5,40943002.63,29905250.72,17229358.12,895522.5,833152.5
2016,1,10,16,13205362.53,40533885.16,29682534.26,17341846.91,924750,843496.875
2016,1,10,17,12563454.46,38690527.54,28442728.11,17138452.49,913561.8748,863173.125
2016,1,10,18,12170671.81,37238534.96,27642009.35,16813625.61,917257.5,862970.625
2016,1,10,19,11947230.01,37146110.89,27527310.09,16618989.38,904938.7504,860321.25
2016,1,10,20,12041561.26,37243665.29,27536338.28,16418598.7,886241.2504,844239.375
2016,1,10,21,12091207.48,37329322.42,27565160.65,16324824.4,880351.8748,833220
2016,1,10,22,12394721.24,37170073.13,27412188.85,16462389.37,913140,847175.625
2016,1,10,23,12665328.77,37323180,27473782.5,16567115.58,903690,844104.375
2016,1,10,24,12640674.32,38447443.18,28062838.02,17161959.4,926032.5009,845960.625
2016,1,11,1,13189904.99,40000769.89,29085935.57,18219870.05,952644.3748,867628.1261
2016,1,11,2,13153505.59,39567774.52,29065145.53,17694297.99,953184.3748,869973.7504
2016,1,11,3,12695872.53,38424780.07,28249104.4,17467869.31,938908.1244,873011.2504
2016,1,11,4,12212960.6,36633650.78,26931386.24,16735173.79,931415.6252,857047.5011
2016,1,11,5,11480923.12,35399261,26176111.99,15981502.6,902390.6261,833861.2511
2016,1,11,6,10995648.7,34889619.3,25774807.49,15920178.77,888705,825103.125
2016,1,11,7,11037751.88,34118161.59,25200989.92,15761688.77,888772.5,810219.375
2016,1,11,8,11263235.66,33757019.96,25000768.16,15530062.51,887962.5,809814.3739
2016,1,11,9,11547646.93,33842930.41,25038061.85,15404208.74,887962.5009,805308.75
2016,1,11,10,11685633.73,33542353.15,24796951.87,15340843.06,874108.1261,805916.25
2016,1,11,11,11696450.66,33584135.66,24843898.07,15579860.61,888519.3748,819213.75
2016,1,11,12,12738853.05,35543627.13,26008087.55,16309265.58,935938.1252,847293.75
2016,1,11,13,13825349.97,37634709.22,27299328.68,17361826.87,981483.7504,866615.6252
2016,1,11,14,14226890.59,37777843.13,27597273.61,17301313.16,975003.7504,864506.2504
2016,1,11,15,13809825.04,36910333.08,27059349.28,17025693.78,950973.7504,845960.6239
2016,1,11,16,13192891.93,36961430.53,27046068.68,17130065.64,950619.3731,845505
2016,1,11,17,12837605.67,37335802.74,27140129.98,17562774.37,963900,845251.875
2016,1,11,18,13244580.09,39229683.77,28363921.92,19132402.52,993920.6252,853267.5
2016,1,11,19,14139005.59,40279781.26,29098119.37,19963344.31,1038825.001,883456.8765
2016,1,11,20,14316294.33,40755167,29649645.07,19724968.21,1037643.75,879727.5009
2016,1,11,21,15202198.07,39230594.65,28518699.39,19303093.2,1056813.748,895539.3748
2016,1,11,22,15109520.67,39511310.39,28716811.8,19086148.05,1056138.748,913798.1244
2016,1,11,23,14584252.5,38531244.65,28152545.53,18698917.51,1079915.624,915350.6252
2016,1,11,24,14409140.66,37659768.74,27500006.09,18792388.12,1093314.377,923686.8731
2016,1,12,1,14515824.41,38630891.3,28190278.15,19158086.32,1106746.871,942941.2513
2016,1,12,2,13934109.3,36727846.92,26956260.09,18578058.7,1087560.003,923754.3765
2016,1,12,3,13449830.66,36149118.91,26487371.16,18538841.29,1063276.87,910980.0009
2016,1,12,4,13461001.84,35889631.83,26361247.48,18528058.07,1063563.748,908465.6252
2016,1,12,5,13650913.1,36695986.8,26925007.41,18637509.43,1096453.129,928783.1261
2016,1,12,6,14185867.46,40325310.22,29577858.7,19379520.03,1116973.123,934183.1244
2016,1,12,7,15030427.56,39666324.46,28915312.44,19453044.39,1133358.75,943582.5
2016,1,12,8,15510841.86,38494946.26,28174246.92,19676536.91,1171395.001,972421.8748
2016,1,12,9,15742856.3,38369075.8,28209768.77,19865891.26,1182431.249,975003.7513
2016,1,12,10,16090903.07,38714051.29,28413466.96,20387598.77,1190379.378,981466.8748
2016,1,12,11,16256733.74,38762060.67,28496508.81,20306480.73,1191054.374,971257.4991
2016,1,12,12,16364345.63,39371231.09,28676227.52,20144683.01,1180473.75,972151.8765
2016,1,12,13,16304793.72,39221836.74,28475567.09,19983577.56,1180034.999,955530
2016,1,12,14,16655793.8,40942327.63,29466618.87,21310391.29,1183156.873,965351.2504
2016,1,12,15,17197329.4,40031988.74,29175204.28,20876940.01,1220568.752,987811.8739
2016,1,12,16,17057047.51,38997146.16,28566742.39,20299595.54,1224787.499,1001514.377
2016,1,12,17,16608898.21,37591678.15,27504224.85,20088911.3,1215573.749,1001969.997
2016,1,12,18,15793886.39,36573001.95,26920181.35,19666850.7,1185941.249,975037.5
2016,1,12,19,15101235.01,36202258.09,26628429.4,19595840.72,1178549.998,975307.4991
2016,1,12,20,15562901.23,36402733.13,26736226.87,20080861.84,1191898.125,992182.5
2016,1,12,21,15846468.76,35574626.45,26186793.74,19640171.23,1194716.248,995945.6261
2016,1,12,22,15765806.26,38258324.89,27984909.34,20159718.61,1200622.498,1012449.374
2016,1,12,23,15597039.4,36988886.26,27148499.96,19791236.24,1175748.746,1000265.625
2016,1,12,24,15070691.26,36313717.52,26779949.91,19120961.18,1141897.503,979998.7513
2016,1,13,1,14644141.98,34210839.47,25177280.63,18428141.17,1098562.5,942924.3765
2016,1,13,2,14670939.37,32695143.85,24153980.67,17864398.06,1087610.624,923197.5
2016,1,13,3,14911711.81,33063086.23,24228163.02,18920047.37,1109615.625,929272.5
2016,1,13,4,14989893.79,33201343.18,24054991.92,19179112.42,1120651.874,939380.6261
2016,1,13,5,14529088.1,31774156.83,23290183.01,18020846.23,1107354.376,918320.6218
2016,1,13,6,14349082.44,29586853.15,21846493.26,16952608.05,1089568.127,876504.3774
2016,1,13,7,14192077.48,28282584.31,20927936.18,16041256.94,1087796.247,843614.999
2016,1,13,8,14108951.21,27837826.82,20427862.51,15972930.08,1067360.626,851985.0033
2016,1,13,9,13912340.7,27832629.38,20411645.54,15685413.73,1050671.252,824698.125
2016,1,13,10,14004629.99,27562595.58,20104250.6,15286843.01,1034825.622,797259.375
2016,1,13,11,13664818.16,26688993.75,19591689.23,14776846.93,1002358.13,785953.1239
2016,1,13,12,12939901.86,25630121.26,18817076.16,14211753.72,978159.3774,759915
2016,1,13,13,12419223.78,24595160.61,18054697.56,13599866.28,954315.0043,732645
2016,1,13,14,12018661.92,22923928.06,16942685.73,12912615.03,923214.3765,699300
2016,1,13,15,11946976.87,21974186.2,16266318.7,12362743.06,884300.6252,669093.75
2016,1,13,16,11729221.95,21324616.86,15759309.5,11985435.01,872454.3739,651476.25
2016,1,13,17,11568791.37,20855204.97,15435166,11439452.79,845513.437,627235.312
2016,1,13,18,11048526.61,19494658.06,14434993.1,10859889.33,813062.8087,595805.6255
2016,1,13,19,10744422.33,18608340.89,13779188.42,10345758.77,797504.0594,572543.4377
2016,1,13,20,10403074.71,18057692.83,13361743.12,10017025.29,761872.5,551365.3117
2016,1,13,21,10251182.82,17087000.63,12685840.31,9501966.55,738188.4381,532507.4994
2016,1,13,22,10260995.66,16762038.7,12439397.75,9257759.983,721499.063,513514.687
2016,1,13,23,10538175.89,17120885.68,12565470.99,9457855.307,711205.3124,502233.7496
2016,1,13,24,10303503.74,16383380.63,12079867.4,8960245.289,694085.625,485055.0004
2016,1,14,1,9648298.143,15299524.7,11348977.59,8402307.168,663516.5637,467015.6254
2016,1,14,2,8803130.596,14346551.23,10624010.71,7923175.37,633217.5007,445972.5007
2016,1,14,3,8369966.244,13693362.17,10064098.13,7803793.113,614283.7503,430911.5626
2016,1,14,4,8311047.12,13620749.04,10021362.24,7594534.702,589857.1877,415091.25
2016,1,14,5,8001407.785,13890757.49,10137285.06,7407838.124,566392.4997,406442.8126
2016,1,14,6,7582140.011,13201886.31,9632241.585,7126219.706,545965.3124,400241.25
2016,1,14,7,7473557.801,12710418.75,9275445,6956111.258,534836.2497,384665.6252
2016,1,14,8,7213066.858,12290146.87,9026926.926,6689519.972,507245.625,363217.5
2016,1,14,9,6969864.365,11560665.93,8487070.262,6439128.789,494454.3748,350443.125
2016,1,14,10,6798481.861,11253507.16,8285236.864,6269830.32,472635,332538.7498
2016,1,14,11,6998096.254,10970749.72,7993636.881,6093208.142,459776.25,323054.9996
2016,1,14,12,6715110.927,10003120.26,7355618.435,5644147.491,438944.0626,304559.9998
2016,1,14,13,6048269.976,9196335,6780029.056,5196428.456,412863.7498,282875.6248
2016,1,14,14,5692587.153,8773101.541,6439381.889,4994257.496,394697.8129,267325.3126
2016,1,14,15,5272585.293,8529595.322,6264674.972,4713314.089,369975.9377,252686.25
2016,1,14,16,4941160.336,8666173.126,6444368.446,4471478.415,361892.8126,238131.5626
2016,1,14,17,4863383.419,7827485.607,5835687.144,4173449.053,347363.4377,225745.3126
2016,1,14,18,4682424.388,7291780.296,5414360.603,3994776.562,333652.4998,218843.4377
2016,1,14,19,4407986.246,7021754.996,5089829.059,3894505.319,319629.3748,210228.7498
2016,1,14,20,4157544.384,6718080.941,4857426.586,3780025.302,303901.8752,203883.75
2016,1,14,21,3988330.318,6347953.103,4655010.946,3639414.379,291414.375,197994.375
2016,1,14,22,3914696.231,6203958.742,4604149.674,3585633.744,288511.8752,197116.8752
2016,1,14,23,3729518.405,6014393.43,4504055.609,3418993.153,277610.6252,189885.9374
2016,1,14,24,3562514.997,5844647.832,4386580.32,3273091.871,267561.5626,180503.4374
2016,1,15,1,3509957.798,5652610.307,4220353.103,3160721.238,256862.8124,172327.5002
2016,1,15,2,3396574.68,5504684.061,4076063.457,3049135.32,248416.8748,164775.937
2016,1,15,3,3346920.014,5448178.083,4002091.858,2891362.49,235423.125,155123.4376
2016,1,15,4,3210249.387,5049286.883,3727510.315,2716410.928,223728.75,146238.7496
2016,1,15,5,3104924.058,4958879.089,3624108.757,2679007.503,216396.5626,138062.8126
2016,1,15,6,3079957.512,4763424.4,3398970.946,2749739.063,207284.0626,133565.6251
2016,1,15,7,2787488.433,4288173.735,3120347.799,2483316.57,196036.875,125727.1877
2016,1,15,8,2469816.57,3953593.13,2927677.516,2233802.811,185304.375,119584.6876
2016,1,15,9,2279534.06,3776717.812,2803561.875,2124722.815,177077.8125,114539.0624
2016,1,15,10,2237093.436,3548348.422,2675565.003,1998565.316,169821.5627,109695.9374
2016,1,15,11,2140458.752,3341536.883,2529908.433,1894497.188,161299.6874,105063.7502
2016,1,15,12,2034635.624,3313988.435,2471799.382,1893467.807,153149.0626,100507.4999
2016,1,15,13,2032922.814,3318308.432,2465766.564,1858376.243,148769.9999,97343.43765
2016,1,15,14,2093301.559,3377438.444,2523824.994,1824719.062,147318.7499,94095
2016,1,15,15,2091428.44,3115757.836,2326033.123,1748325.944,139277.8125,90061.87513
2016,1,15,16,1881106.87,2883431.244,2148752.81,1632116.246,130106.2501,86796.56252
2016,1,15,17,1663284.363,2731733.425,2043090.003,1549631.248,121888.125,83927.81252
2016,1,15,18,1532233.13,2644261.87,1961330.623,1478081.252,115779.3752,81565.31252
2016,1,15,19,1482721.875,2635545.937,1948657.503,1456869.378,110910.9376,80485.31252
2016,1,15,20,1429152.185,2611811.244,1958909.053,1395655.311,104987.8124,78418.12504
2016,1,15,21,1392921.563,2438268.754,1828035.001,1344287.806,101638.125,76469.06252
2016,1,15,22,1368975.94,2293464.383,1723156.877,1300159.693,98178.75,74849.06252
2016,1,15,23,1396718.436,2341920.934,1748182.502,1287123.749,94246.87504,72967.5
2016,1,15,24,1588528.125,2464526.263,1822483.132,1352860.313,91504.68748,71094.37504
2016,1,16,1,1699110.011,2783193.742,2047502.813,1399950,88425,69533.43748
2016,1,16,2,1593084.373,2805688.121,2026147.505,1441006.87,85657.5,67803.75
2016,1,16,3,1440821.259,2593746.567,1839172.508,1396828.134,83446.87504,66563.43748
2016,1,16,4,1362639.374,2387061.56,1717183.126,1269978.748,81430.31252,65331.56252
2016,1,16,5,1398583.127,2276251.884,1629787.504,1267295.625,79801.87504,64454.06252
