Chaiyaphum1,NakhonRatchasima2
25.8,40.8
25.8,40.8
25.8,40.8
25.8,40.8
25.8,40.8
25.8,40.8
25.8,40.8
25.8,40.8
25.8,40.8
25.8,40.8
25.8,40.8
25.8,40.8
25.8,40.8
25.8,40.8
25.8,40.8
25.8,40.8
25.8,40.8
25.8,40.8
25.8,40.8
25.8,40.8
25.8,40.8
25.8,40.8
25.8,40.8
25.8,40.8
22.7,43.9
22.7,43.9
22.7,43.9
22.7,43.9
22.7,43.9
22.7,43.9
22.7,43.9
22.7,43.9
22.7,43.9
22.7,43.9
22.7,43.9
22.7,43.9
22.7,43.9
22.7,43.9
22.7,43.9
22.7,43.9
22.7,43.9
22.7,43.9
22.7,43.9
22.7,43.9
22.7,43.9
22.7,43.9
22.7,43.9
22.7,43.9
22.7,31.4
22.7,31.4
22.7,31.4
22.7,31.4
22.7,31.4
22.7,31.4
22.7,31.4
22.7,31.4
22.7,31.4
22.7,31.4
22.7,31.4
22.7,31.4
22.7,31.4
22.7,31.4
22.7,31.4
22.7,31.4
22.7,31.4
22.7,31.4
22.7,31.4
22.7,31.4
22.7,31.4
22.7,31.4
22.7,31.4
22.7,31.4
23.1,30.6
23.1,30.6
23.1,30.6
23.1,30.6
23.1,30.6
23.1,30.6
23.1,30.6
23.1,30.6
23.1,30.6
23.1,30.6
23.1,30.6
23.1,30.6
23.1,30.6
23.1,30.6
23.1,30.6
23.1,30.6
23.1,30.6
23.1,30.6
23.1,30.6
23.1,30.6
23.1,30.6
23.1,30.6
23.1,30.6
23.1,30.6
24.3,28.2
24.3,28.2
24.3,28.2
24.3,28.2
24.3,28.2
24.3,28.2
24.3,28.2
24.3,28.2
24.3,28.2
24.3,28.2
24.3,28.2
24.3,28.2
24.3,28.2
24.3,28.2
24.3,28.2
24.3,28.2
24.3,28.2
24.3,28.2
24.3,28.2
24.3,28.2
24.3,28.2
24.3,28.2
24.3,28.2
24.3,28.2
22.7,40.8
22.7,40.8
22.7,40.8
22.7,40.8
22.7,40.8
22.7,40.8
22.7,40.8
22.7,40.8
22.7,40.8
22.7,40.8
22.7,40.8
22.7,40.8
22.7,40.8
22.7,40.8
22.7,40.8
22.7,40.8
22.7,40.8
22.7,40.8
22.7,40.8
22.7,40.8
22.7,40.8
22.7,40.8
22.7,40.8
22.7,40.8
19.6,45.5
19.6,45.5
19.6,45.5
19.6,45.5
19.6,45.5
19.6,45.5
19.6,45.5
19.6,45.5
19.6,45.5
19.6,45.5
19.6,45.5
19.6,45.5
19.6,45.5
19.6,45.5
19.6,45.5
19.6,45.5
19.6,45.5
19.6,45.5
19.6,45.5
19.6,45.5
19.6,45.5
19.6,45.5
19.6,45.5
19.6,45.5
16.8,38.4
16.8,38.4
16.8,38.4
16.8,38.4
16.8,38.4
16.8,38.4
16.8,38.4
16.8,38.4
16.8,38.4
16.8,38.4
16.8,38.4
16.8,38.4
16.8,38.4
16.8,38.4
16.8,38.4
16.8,38.4
16.8,38.4
16.8,38.4
16.8,38.4
16.8,38.4
16.8,38.4
16.8,38.4
16.8,38.4
16.8,38.4
17.4,42.4
17.4,42.4
17.4,42.4
17.4,42.4
17.4,42.4
17.4,42.4
17.4,42.4
17.4,42.4
17.4,42.4
17.4,42.4
17.4,42.4
17.4,42.4
17.4,42.4
17.4,42.4
17.4,42.4
17.4,42.4
17.4,42.4
17.4,42.4
17.4,42.4
17.4,42.4
17.4,42.4
17.4,42.4
17.4,42.4
17.4,42.4
11.7,40.8
11.7,40.8
11.7,40.8
11.7,40.8
11.7,40.8
11.7,40.8
11.7,40.8
11.7,40.8
11.7,40.8
11.7,40.8
11.7,40.8
11.7,40.8
11.7,40.8
11.7,40.8
11.7,40.8
11.7,40.8
11.7,40.8
11.7,40.8
11.7,40.8
11.7,40.8
11.7,40.8
11.7,40.8
11.7,40.8
11.7,40.8
22.1,45.5
22.1,45.5
22.1,45.5
22.1,45.5
22.1,45.5
22.1,45.5
22.1,45.5
22.1,45.5
22.1,45.5
22.1,45.5
22.1,45.5
22.1,45.5
22.1,45.5
22.1,45.5
22.1,45.5
22.1,45.5
22.1,45.5
22.1,45.5
22.1,45.5
22.1,45.5
22.1,45.5
22.1,45.5
22.1,45.5
22.1,45.5
23.7,42.4
23.7,42.4
23.7,42.4
23.7,42.4
23.7,42.4
23.7,42.4
23.7,42.4
23.7,42.4
23.7,42.4
23.7,42.4
23.7,42.4
23.7,42.4
23.7,42.4
23.7,42.4
23.7,42.4
23.7,42.4
23.7,42.4
23.7,42.4
23.7,42.4
23.7,42.4
23.7,42.4
23.7,42.4
23.7,42.4
23.7,42.4
16.2,47.9
16.2,47.9
16.2,47.9
16.2,47.9
16.2,47.9
16.2,47.9
16.2,47.9
16.2,47.9
16.2,47.9
16.2,47.9
16.2,47.9
16.2,47.9
16.2,47.9
16.2,47.9
16.2,47.9
16.2,47.9
16.2,47.9
16.2,47.9
16.2,47.9
16.2,47.9
16.2,47.9
16.2,47.9
16.2,47.9
16.2,47.9
14,36.1
14,36.1
14,36.1
14,36.1
14,36.1
14,36.1
14,36.1
14,36.1
14,36.1
14,36.1
14,36.1
14,36.1
14,36.1
14,36.1
14,36.1
14,36.1
14,36.1
14,36.1
14,36.1
14,36.1
14,36.1
14,36.1
14,36.1
14,36.1
14.5,23.5
14.5,23.5
14.5,23.5
14.5,23.5
14.5,23.5
14.5,23.5
14.5,23.5
14.5,23.5
14.5,23.5
14.5,23.5
14.5,23.5
14.5,23.5
14.5,23.5
14.5,23.5
14.5,23.5
14.5,23.5
14.5,23.5
14.5,23.5
14.5,23.5
14.5,23.5
14.5,23.5
14.5,23.5
14.5,23.5
14.5,23.5
16.4,22
16.4,22
16.4,22
16.4,22
16.4,22
16.4,22
16.4,22
16.4,22
16.4,22
16.4,22
16.4,22
16.4,22
16.4,22
16.4,22
16.4,22
16.4,22
16.4,22
16.4,22
16.4,22
16.4,22
16.4,22
16.4,22
16.4,22
16.4,22
15.8,22
15.8,22
15.8,22
15.8,22
15.8,22
15.8,22
15.8,22
15.8,22
15.8,22
15.8,22
15.8,22
15.8,22
15.8,22
15.8,22
15.8,22
15.8,22
15.8,22
15.8,22
15.8,22
15.8,22
15.8,22
15.8,22
15.8,22
15.8,22
20.1,29
20.1,29
20.1,29
20.1,29
20.1,29
20.1,29
20.1,29
20.1,29
20.1,29
20.1,29
20.1,29
20.1,29
20.1,29
20.1,29
20.1,29
20.1,29
20.1,29
20.1,29
20.1,29
20.1,29
20.1,29
20.1,29
20.1,29
20.1,29
19,29.8
19,29.8
19,29.8
19,29.8
19,29.8
19,29.8
19,29.8
19,29.8
19,29.8
19,29.8
19,29.8
19,29.8
19,29.8
19,29.8
19,29.8
19,29.8
19,29.8
19,29.8
19,29.8
19,29.8
19,29.8
19,29.8
19,29.8
19,29.8
22.7,28.2
22.7,28.2
22.7,28.2
22.7,28.2
22.7,28.2
22.7,28.2
22.7,28.2
22.7,28.2
22.7,28.2
22.7,28.2
22.7,28.2
22.7,28.2
22.7,28.2
22.7,28.2
22.7,28.2
22.7,28.2
22.7,28.2
22.7,28.2
22.7,28.2
22.7,28.2
22.7,28.2
22.7,28.2
22.7,28.2
22.7,28.2
24.2,21.2
24.2,21.2
24.2,21.2
24.2,21.2
24.2,21.2
24.2,21.2
24.2,21.2
24.2,21.2
24.2,21.2
24.2,21.2
24.2,21.2
24.2,21.2
24.2,21.2
24.2,21.2
24.2,21.2
24.2,21.2
24.2,21.2
24.2,21.2
24.2,21.2
24.2,21.2
24.2,21.2
24.2,21.2
24.2,21.2
24.2,21.2
25.3,29
25.3,29
25.3,29
25.3,29
25.3,29
25.3,29
25.3,29
25.3,29
25.3,29
25.3,29
25.3,29
25.3,29
25.3,29
25.3,29
25.3,29
25.3,29
25.3,29
25.3,29
25.3,29
25.3,29
25.3,29
25.3,29
25.3,29
25.3,29
22.3,29
22.3,29
22.3,29
22.3,29
22.3,29
22.3,29
22.3,29
22.3,29
22.3,29
22.3,29
22.3,29
22.3,29
22.3,29
22.3,29
22.3,29
22.3,29
22.3,29
22.3,29
22.3,29
22.3,29
22.3,29
22.3,29
22.3,29
22.3,29
17.1,28.2
17.1,28.2
17.1,28.2
17.1,28.2
17.1,28.2
17.1,28.2
17.1,28.2
17.1,28.2
17.1,28.2
17.1,28.2
17.1,28.2
17.1,28.2
17.1,28.2
17.1,28.2
17.1,28.2
17.1,28.2
17.1,28.2
17.1,28.2
17.1,28.2
17.1,28.2
17.1,28.2
17.1,28.2
17.1,28.2
17.1,28.2
20.6,39.2
20.6,39.2
20.6,39.2
20.6,39.2
20.6,39.2
20.6,39.2
20.6,39.2
20.6,39.2
20.6,39.2
20.6,39.2
20.6,39.2
20.6,39.2
20.6,39.2
20.6,39.2
20.6,39.2
20.6,39.2
20.6,39.2
20.6,39.2
20.6,39.2
20.6,39.2
20.6,39.2
20.6,39.2
20.6,39.2
20.6,39.2
21.9,50.2
21.9,50.2
21.9,50.2
21.9,50.2
21.9,50.2
21.9,50.2
21.9,50.2
21.9,50.2
21.9,50.2
21.9,50.2
21.9,50.2
21.9,50.2
21.9,50.2
21.9,50.2
21.9,50.2
21.9,50.2
21.9,50.2
21.9,50.2
21.9,50.2
21.9,50.2
21.9,50.2
21.9,50.2
21.9,50.2
21.9,50.2
22.8,43.2
22.8,43.2
22.8,43.2
22.8,43.2
22.8,43.2
22.8,43.2
22.8,43.2
22.8,43.2
22.8,43.2
22.8,43.2
22.8,43.2
22.8,43.2
22.8,43.2
22.8,43.2
22.8,43.2
22.8,43.2
22.8,43.2
22.8,43.2
22.8,43.2
22.8,43.2
22.8,43.2
22.8,43.2
22.8,43.2
22.8,43.2
20.5,52.6
20.5,52.6
20.5,52.6
20.5,52.6
20.5,52.6
20.5,52.6
20.5,52.6
20.5,52.6
20.5,52.6
20.5,52.6
20.5,52.6
20.5,52.6
20.5,52.6
20.5,52.6
20.5,52.6
20.5,52.6
20.5,52.6
20.5,52.6
20.5,52.6
20.5,52.6
20.5,52.6
20.5,52.6
20.5,52.6
20.5,52.6
18.4,53.4
18.4,53.4
18.4,53.4
18.4,53.4
18.4,53.4
18.4,53.4
18.4,53.4
18.4,53.4
18.4,53.4
18.4,53.4
18.4,53.4
18.4,53.4
18.4,53.4
18.4,53.4
18.4,53.4
18.4,53.4
18.4,53.4
18.4,53.4
18.4,53.4
18.4,53.4
18.4,53.4
18.4,53.4
18.4,53.4
18.4,53.4
18.5,57.3
18.5,57.3
18.5,57.3
18.5,57.3
18.5,57.3
18.5,57.3
18.5,57.3
18.5,57.3
18.5,57.3
18.5,57.3
18.5,57.3
18.5,57.3
18.5,57.3
18.5,57.3
18.5,57.3
18.5,57.3
18.5,57.3
18.5,57.3
18.5,57.3
18.5,57.3
18.5,57.3
18.5,57.3
18.5,57.3
18.5,57.3
20.2,40.8
20.2,40.8
20.2,40.8
20.2,40.8
20.2,40.8
20.2,40.8
20.2,40.8
20.2,40.8
20.2,40.8
20.2,40.8
20.2,40.8
20.2,40.8
20.2,40.8
20.2,40.8
20.2,40.8
20.2,40.8
20.2,40.8
20.2,40.8
20.2,40.8
20.2,40.8
20.2,40.8
20.2,40.8
20.2,40.8
20.2,40.8
22.1,45.5
22.1,45.5
22.1,45.5
22.1,45.5
22.1,45.5
22.1,45.5
22.1,45.5
22.1,45.5
22.1,45.5
22.1,45.5
22.1,45.5
22.1,45.5
22.1,45.5
22.1,45.5
22.1,45.5
22.1,45.5
22.1,45.5
22.1,45.5
22.1,45.5
22.1,45.5
22.1,45.5
22.1,45.5
22.1,45.5
22.1,45.5
24.8,38.4
24.8,38.4
24.8,38.4
24.8,38.4
24.8,38.4
24.8,38.4
24.8,38.4
24.8,38.4
24.8,38.4
24.8,38.4
24.8,38.4
24.8,38.4
24.8,38.4
24.8,38.4
24.8,38.4
24.8,38.4
24.8,38.4
24.8,38.4
24.8,38.4
24.8,38.4
24.8,38.4
24.8,38.4
24.8,38.4
24.8,38.4
18.5,46.3
18.5,46.3
18.5,46.3
18.5,46.3
18.5,46.3
18.5,46.3
18.5,46.3
18.5,46.3
18.5,46.3
18.5,46.3
18.5,46.3
18.5,46.3
18.5,46.3
18.5,46.3
18.5,46.3
18.5,46.3
18.5,46.3
18.5,46.3
18.5,46.3
18.5,46.3
18.5,46.3
18.5,46.3
18.5,46.3
18.5,46.3
16.8,45.5
16.8,45.5
16.8,45.5
16.8,45.5
16.8,45.5
16.8,45.5
16.8,45.5
16.8,45.5
16.8,45.5
16.8,45.5
16.8,45.5
16.8,45.5
16.8,45.5
16.8,45.5
16.8,45.5
16.8,45.5
16.8,45.5
16.8,45.5
16.8,45.5
16.8,45.5
16.8,45.5
16.8,45.5
16.8,45.5
16.8,45.5
17.6,43.2
17.6,43.2
17.6,43.2
17.6,43.2
17.6,43.2
17.6,43.2
17.6,43.2
17.6,43.2
17.6,43.2
17.6,43.2
17.6,43.2
17.6,43.2
17.6,43.2
17.6,43.2
17.6,43.2
17.6,43.2
17.6,43.2
17.6,43.2
17.6,43.2
17.6,43.2
17.6,43.2
17.6,43.2
17.6,43.2
17.6,43.2
17.3,43.2
17.3,43.2
17.3,43.2
17.3,43.2
17.3,43.2
17.3,43.2
17.3,43.2
17.3,43.2
17.3,43.2
17.3,43.2
17.3,43.2
17.3,43.2
17.3,43.2
17.3,43.2
17.3,43.2
17.3,43.2
17.3,43.2
17.3,43.2
17.3,43.2
17.3,43.2
17.3,43.2
17.3,43.2
17.3,43.2
17.3,43.2
19.1,30.6
19.1,30.6
19.1,30.6
19.1,30.6
19.1,30.6
19.1,30.6
19.1,30.6
19.1,30.6
19.1,30.6
19.1,30.6
19.1,30.6
19.1,30.6
19.1,30.6
19.1,30.6
19.1,30.6
19.1,30.6
19.1,30.6
19.1,30.6
19.1,30.6
19.1,30.6
19.1,30.6
19.1,30.6
19.1,30.6
19.1,30.6
20.8,40
20.8,40
20.8,40
20.8,40
20.8,40
20.8,40
20.8,40
20.8,40
20.8,40
20.8,40
20.8,40
20.8,40
20.8,40
20.8,40
20.8,40
20.8,40
20.8,40
20.8,40
20.8,40
20.8,40
20.8,40
20.8,40
20.8,40
20.8,40
19.3,51
19.3,51
19.3,51
19.3,51
19.3,51
19.3,51
19.3,51
19.3,51
19.3,51
19.3,51
19.3,51
19.3,51
19.3,51
19.3,51
19.3,51
19.3,51
19.3,51
19.3,51
19.3,51
19.3,51
19.3,51
19.3,51
19.3,51
19.3,51
18.8,39.2
18.8,39.2
18.8,39.2
18.8,39.2
18.8,39.2
18.8,39.2
18.8,39.2
18.8,39.2
18.8,39.2
18.8,39.2
18.8,39.2
18.8,39.2
18.8,39.2
18.8,39.2
18.8,39.2
18.8,39.2
18.8,39.2
18.8,39.2
18.8,39.2
18.8,39.2
18.8,39.2
18.8,39.2
18.8,39.2
18.8,39.2
29,27.5
29,27.5
29,27.5
29,27.5
29,27.5
29,27.5
29,27.5
29,27.5
29,27.5
29,27.5
29,27.5
29,27.5
29,27.5
29,27.5
29,27.5
29,27.5
29,27.5
29,27.5
29,27.5
29,27.5
29,27.5
29,27.5
29,27.5
29,27.5
28.1,41.6
28.1,41.6
28.1,41.6
28.1,41.6
28.1,41.6
28.1,41.6
28.1,41.6
28.1,41.6
28.1,41.6
28.1,41.6
28.1,41.6
28.1,41.6
28.1,41.6
28.1,41.6
28.1,41.6
28.1,41.6
28.1,41.6
28.1,41.6
28.1,41.6
28.1,41.6
28.1,41.6
28.1,41.6
28.1,41.6
28.1,41.6
27.6,36.9
27.6,36.9
27.6,36.9
27.6,36.9
27.6,36.9
27.6,36.9
27.6,36.9
27.6,36.9
27.6,36.9
27.6,36.9
27.6,36.9
27.6,36.9
27.6,36.9
27.6,36.9
27.6,36.9
27.6,36.9
27.6,36.9
27.6,36.9
27.6,36.9
27.6,36.9
27.6,36.9
27.6,36.9
27.6,36.9
27.6,36.9
23.8,30.6
23.8,30.6
23.8,30.6
23.8,30.6
23.8,30.6
23.8,30.6
23.8,30.6
23.8,30.6
23.8,30.6
23.8,30.6
23.8,30.6
23.8,30.6
23.8,30.6
23.8,30.6
23.8,30.6
23.8,30.6
23.8,30.6
23.8,30.6
23.8,30.6
23.8,30.6
23.8,30.6
23.8,30.6
23.8,30.6
23.8,30.6
26.1,42.4
26.1,42.4
26.1,42.4
26.1,42.4
26.1,42.4
26.1,42.4
26.1,42.4
26.1,42.4
26.1,42.4
26.1,42.4
26.1,42.4
26.1,42.4
26.1,42.4
26.1,42.4
26.1,42.4
26.1,42.4
26.1,42.4
26.1,42.4
26.1,42.4
26.1,42.4
26.1,42.4
26.1,42.4
26.1,42.4
26.1,42.4
20.7,41.6
20.7,41.6
20.7,41.6
20.7,41.6
20.7,41.6
20.7,41.6
20.7,41.6
20.7,41.6
20.7,41.6
20.7,41.6
20.7,41.6
20.7,41.6
20.7,41.6
20.7,41.6
20.7,41.6
20.7,41.6
20.7,41.6
20.7,41.6
20.7,41.6
20.7,41.6
20.7,41.6
20.7,41.6
20.7,41.6
20.7,41.6
20.9,51
20.9,51
20.9,51
20.9,51
20.9,51
20.9,51
20.9,51
20.9,51
20.9,51
20.9,51
20.9,51
20.9,51
20.9,51
20.9,51
20.9,51
20.9,51
20.9,51
20.9,51
20.9,51
20.9,51
20.9,51
20.9,51
20.9,51
20.9,51
19.1,53.4
19.1,53.4
19.1,53.4
19.1,53.4
19.1,53.4
19.1,53.4
19.1,53.4
19.1,53.4
19.1,53.4
19.1,53.4
19.1,53.4
19.1,53.4
19.1,53.4
19.1,53.4
19.1,53.4
19.1,53.4
19.1,53.4
19.1,53.4
19.1,53.4
19.1,53.4
19.1,53.4
19.1,53.4
19.1,53.4
19.1,53.4
18.8,50.2
18.8,50.2
18.8,50.2
18.8,50.2
18.8,50.2
18.8,50.2
18.8,50.2
18.8,50.2
18.8,50.2
18.8,50.2
18.8,50.2
18.8,50.2
18.8,50.2
18.8,50.2
18.8,50.2
18.8,50.2
18.8,50.2
18.8,50.2
18.8,50.2
18.8,50.2
18.8,50.2
18.8,50.2
18.8,50.2
18.8,50.2
29.4,66.7
29.4,66.7
29.4,66.7
29.4,66.7
29.4,66.7
29.4,66.7
29.4,66.7
29.4,66.7
29.4,66.7
29.4,66.7
29.4,66.7
29.4,66.7
29.4,66.7
29.4,66.7
29.4,66.7
29.4,66.7
29.4,66.7
29.4,66.7
29.4,66.7
29.4,66.7
29.4,66.7
29.4,66.7
29.4,66.7
29.4,66.7
26.8,57.3
26.8,57.3
26.8,57.3
26.8,57.3
26.8,57.3
26.8,57.3
26.8,57.3
26.8,57.3
26.8,57.3
26.8,57.3
26.8,57.3
26.8,57.3
26.8,57.3
26.8,57.3
26.8,57.3
26.8,57.3
26.8,57.3
26.8,57.3
26.8,57.3
26.8,57.3
26.8,57.3
26.8,57.3
26.8,57.3
26.8,57.3
26.8,47.9
26.8,47.9
26.8,47.9
26.8,47.9
26.8,47.9
26.8,47.9
26.8,47.9
26.8,47.9
26.8,47.9
26.8,47.9
26.8,47.9
26.8,47.9
26.8,47.9
26.8,47.9
26.8,47.9
26.8,47.9
26.8,47.9
26.8,47.9
26.8,47.9
26.8,47.9
26.8,47.9
26.8,47.9
26.8,47.9
26.8,47.9
24.6,26.7
24.6,26.7
24.6,26.7
24.6,26.7
24.6,26.7
24.6,26.7
24.6,26.7
24.6,26.7
24.6,26.7
24.6,26.7
24.6,26.7
24.6,26.7
24.6,26.7
24.6,26.7
24.6,26.7
24.6,26.7
24.6,26.7
24.6,26.7
24.6,26.7
24.6,26.7
24.6,26.7
24.6,26.7
24.6,26.7
24.6,26.7
25.6,40
25.6,40
25.6,40
25.6,40
25.6,40
25.6,40
25.6,40
25.6,40
25.6,40
25.6,40
25.6,40
25.6,40
25.6,40
25.6,40
25.6,40
25.6,40
25.6,40
25.6,40
25.6,40
25.6,40
25.6,40
25.6,40
25.6,40
25.6,40
24.5,40.8
24.5,40.8
24.5,40.8
24.5,40.8
24.5,40.8
24.5,40.8
24.5,40.8
24.5,40.8
24.5,40.8
24.5,40.8
24.5,40.8
24.5,40.8
24.5,40.8
24.5,40.8
24.5,40.8
24.5,40.8
24.5,40.8
24.5,40.8
24.5,40.8
24.5,40.8
24.5,40.8
24.5,40.8
24.5,40.8
24.5,40.8
18.6,41.6
18.6,41.6
18.6,41.6
18.6,41.6
18.6,41.6
18.6,41.6
18.6,41.6
18.6,41.6
18.6,41.6
18.6,41.6
18.6,41.6
18.6,41.6
18.6,41.6
18.6,41.6
18.6,41.6
18.6,41.6
18.6,41.6
18.6,41.6
18.6,41.6
18.6,41.6
18.6,41.6
18.6,41.6
18.6,41.6
18.6,41.6
20,30.6
20,30.6
20,30.6
20,30.6
20,30.6
20,30.6
20,30.6
20,30.6
20,30.6
20,30.6
20,30.6
20,30.6
20,30.6
20,30.6
20,30.6
20,30.6
20,30.6
20,30.6
20,30.6
20,30.6
20,30.6
20,30.6
20,30.6
20,30.6
21,43.2
21,43.2
21,43.2
21,43.2
21,43.2
21,43.2
21,43.2
21,43.2
21,43.2
21,43.2
21,43.2
21,43.2
21,43.2
21,43.2
21,43.2
21,43.2
21,43.2
21,43.2
21,43.2
21,43.2
21,43.2
21,43.2
21,43.2
21,43.2
22.7,54.9
22.7,54.9
22.7,54.9
22.7,54.9
22.7,54.9
22.7,54.9
22.7,54.9
22.7,54.9
22.7,54.9
22.7,54.9
22.7,54.9
22.7,54.9
22.7,54.9
22.7,54.9
22.7,54.9
22.7,54.9
22.7,54.9
22.7,54.9
22.7,54.9
22.7,54.9
22.7,54.9
22.7,54.9
22.7,54.9
22.7,54.9
26.4,65.1
26.4,65.1
26.4,65.1
26.4,65.1
26.4,65.1
26.4,65.1
26.4,65.1
26.4,65.1
26.4,65.1
26.4,65.1
26.4,65.1
26.4,65.1
26.4,65.1
26.4,65.1
26.4,65.1
26.4,65.1
26.4,65.1
26.4,65.1
26.4,65.1
26.4,65.1
26.4,65.1
26.4,65.1
26.4,65.1
26.4,65.1
24.8,70.6
24.8,70.6
24.8,70.6
24.8,70.6
24.8,70.6
24.8,70.6
24.8,70.6
24.8,70.6
24.8,70.6
24.8,70.6
24.8,70.6
24.8,70.6
24.8,70.6
24.8,70.6
24.8,70.6
24.8,70.6
24.8,70.6
24.8,70.6
24.8,70.6
24.8,70.6
24.8,70.6
24.8,70.6
24.8,70.6
24.8,70.6
30.7,51.8
30.7,51.8
30.7,51.8
30.7,51.8
30.7,51.8
30.7,51.8
30.7,51.8
30.7,51.8
30.7,51.8
30.7,51.8
30.7,51.8
30.7,51.8
30.7,51.8
30.7,51.8
30.7,51.8
30.7,51.8
30.7,51.8
30.7,51.8
30.7,51.8
30.7,51.8
30.7,51.8
30.7,51.8
30.7,51.8
30.7,51.8
32.5,62
32.5,62
32.5,62
32.5,62
32.5,62
32.5,62
32.5,62
32.5,62
32.5,62
32.5,62
32.5,62
32.5,62
32.5,62
32.5,62
32.5,62
32.5,62
32.5,62
32.5,62
32.5,62
32.5,62
32.5,62
32.5,62
32.5,62
32.5,62
29.1,54.9
29.1,54.9
29.1,54.9
29.1,54.9
29.1,54.9
29.1,54.9
29.1,54.9
29.1,54.9
29.1,54.9
29.1,54.9
29.1,54.9
29.1,54.9
29.1,54.9
29.1,54.9
29.1,54.9
29.1,54.9
29.1,54.9
29.1,54.9
29.1,54.9
29.1,54.9
29.1,54.9
29.1,54.9
29.1,54.9
29.1,54.9
31.9,49.4
31.9,49.4
31.9,49.4
31.9,49.4
31.9,49.4
31.9,49.4
31.9,49.4
31.9,49.4
31.9,49.4
31.9,49.4
31.9,49.4
31.9,49.4
31.9,49.4
31.9,49.4
31.9,49.4
31.9,49.4
31.9,49.4
31.9,49.4
31.9,49.4
31.9,49.4
31.9,49.4
31.9,49.4
31.9,49.4
31.9,49.4
33,48.6
33,48.6
33,48.6
33,48.6
33,48.6
33,48.6
33,48.6
33,48.6
33,48.6
33,48.6
33,48.6
33,48.6
33,48.6
33,48.6
33,48.6
33,48.6
33,48.6
33,48.6
33,48.6
33,48.6
33,48.6
33,48.6
33,48.6
33,48.6
33.9,36.1
33.9,36.1
33.9,36.1
33.9,36.1
33.9,36.1
33.9,36.1
33.9,36.1
33.9,36.1
33.9,36.1
33.9,36.1
33.9,36.1
33.9,36.1
33.9,36.1
33.9,36.1
33.9,36.1
33.9,36.1
33.9,36.1
33.9,36.1
33.9,36.1
33.9,36.1
33.9,36.1
33.9,36.1
33.9,36.1
33.9,36.1
28.6,32.2
28.6,32.2
28.6,32.2
28.6,32.2
28.6,32.2
28.6,32.2
28.6,32.2
28.6,32.2
28.6,32.2
28.6,32.2
28.6,32.2
28.6,32.2
28.6,32.2
28.6,32.2
28.6,32.2
28.6,32.2
28.6,32.2
28.6,32.2
28.6,32.2
28.6,32.2
28.6,32.2
28.6,32.2
28.6,32.2
28.6,32.2
27.6,21.2
27.6,21.2
27.6,21.2
27.6,21.2
27.6,21.2
27.6,21.2
27.6,21.2
27.6,21.2
27.6,21.2
27.6,21.2
27.6,21.2
27.6,21.2
27.6,21.2
27.6,21.2
27.6,21.2
27.6,21.2
27.6,21.2
27.6,21.2
27.6,21.2
27.6,21.2
27.6,21.2
27.6,21.2
27.6,21.2
27.6,21.2
27.5,40
27.5,40
27.5,40
27.5,40
27.5,40
27.5,40
27.5,40
27.5,40
27.5,40
27.5,40
27.5,40
27.5,40
27.5,40
27.5,40
27.5,40
27.5,40
27.5,40
27.5,40
27.5,40
27.5,40
27.5,40
27.5,40
27.5,40
27.5,40
28.9,65.9
28.9,65.9
28.9,65.9
28.9,65.9
28.9,65.9
28.9,65.9
28.9,65.9
28.9,65.9
28.9,65.9
28.9,65.9
28.9,65.9
28.9,65.9
28.9,65.9
28.9,65.9
28.9,65.9
28.9,65.9
28.9,65.9
28.9,65.9
28.9,65.9
28.9,65.9
28.9,65.9
28.9,65.9
28.9,65.9
28.9,65.9
30.8,65.9
30.8,65.9
30.8,65.9
30.8,65.9
30.8,65.9
30.8,65.9
30.8,65.9
30.8,65.9
30.8,65.9
30.8,65.9
30.8,65.9
30.8,65.9
30.8,65.9
30.8,65.9
30.8,65.9
30.8,65.9
30.8,65.9
30.8,65.9
30.8,65.9
30.8,65.9
30.8,65.9
30.8,65.9
30.8,65.9
30.8,65.9
29.7,66.7
29.7,66.7
29.7,66.7
29.7,66.7
29.7,66.7
29.7,66.7
29.7,66.7
29.7,66.7
29.7,66.7
29.7,66.7
29.7,66.7
29.7,66.7
29.7,66.7
29.7,66.7
29.7,66.7
29.7,66.7
29.7,66.7
29.7,66.7
29.7,66.7
29.7,66.7
29.7,66.7
29.7,66.7
29.7,66.7
29.7,66.7
32.2,60.4
32.2,60.4
32.2,60.4
32.2,60.4
32.2,60.4
32.2,60.4
32.2,60.4
32.2,60.4
32.2,60.4
32.2,60.4
32.2,60.4
32.2,60.4
32.2,60.4
32.2,60.4
32.2,60.4
32.2,60.4
32.2,60.4
32.2,60.4
32.2,60.4
32.2,60.4
32.2,60.4
32.2,60.4
32.2,60.4
32.2,60.4
28.3,60.4
28.3,60.4
28.3,60.4
28.3,60.4
28.3,60.4
28.3,60.4
28.3,60.4
28.3,60.4
28.3,60.4
28.3,60.4
28.3,60.4
28.3,60.4
28.3,60.4
28.3,60.4
28.3,60.4
28.3,60.4
28.3,60.4
28.3,60.4
28.3,60.4
28.3,60.4
28.3,60.4
28.3,60.4
28.3,60.4
28.3,60.4
34.9,68.3
34.9,68.3
34.9,68.3
34.9,68.3
34.9,68.3
34.9,68.3
34.9,68.3
34.9,68.3
34.9,68.3
34.9,68.3
34.9,68.3
34.9,68.3
34.9,68.3
34.9,68.3
34.9,68.3
34.9,68.3
34.9,68.3
34.9,68.3
34.9,68.3
34.9,68.3
34.9,68.3
34.9,68.3
34.9,68.3
34.9,68.3
32.5,69
32.5,69
32.5,69
32.5,69
32.5,69
32.5,69
32.5,69
32.5,69
32.5,69
32.5,69
32.5,69
32.5,69
32.5,69
32.5,69
32.5,69
32.5,69
32.5,69
32.5,69
32.5,69
32.5,69
32.5,69
32.5,69
32.5,69
32.5,69
34.2,69.8
34.2,69.8
34.2,69.8
34.2,69.8
34.2,69.8
34.2,69.8
34.2,69.8
34.2,69.8
34.2,69.8
34.2,69.8
34.2,69.8
34.2,69.8
34.2,69.8
34.2,69.8
34.2,69.8
34.2,69.8
34.2,69.8
34.2,69.8
34.2,69.8
34.2,69.8
34.2,69.8
34.2,69.8
34.2,69.8
34.2,69.8
25.7,52.6
25.7,52.6
25.7,52.6
25.7,52.6
25.7,52.6
25.7,52.6
25.7,52.6
25.7,52.6
25.7,52.6
25.7,52.6
25.7,52.6
25.7,52.6
25.7,52.6
25.7,52.6
25.7,52.6
25.7,52.6
25.7,52.6
25.7,52.6
25.7,52.6
25.7,52.6
25.7,52.6
25.7,52.6
25.7,52.6
25.7,52.6
25,32.2
25,32.2
25,32.2
25,32.2
25,32.2
25,32.2
25,32.2
25,32.2
25,32.2
25,32.2
25,32.2
25,32.2
25,32.2
25,32.2
25,32.2
25,32.2
25,32.2
25,32.2
25,32.2
25,32.2
25,32.2
25,32.2
25,32.2
25,32.2
29.3,43.2
29.3,43.2
29.3,43.2
29.3,43.2
29.3,43.2
29.3,43.2
29.3,43.2
29.3,43.2
29.3,43.2
29.3,43.2
29.3,43.2
29.3,43.2
29.3,43.2
29.3,43.2
29.3,43.2
29.3,43.2
29.3,43.2
29.3,43.2
29.3,43.2
29.3,43.2
29.3,43.2
29.3,43.2
29.3,43.2
29.3,43.2
26.1,37.7
26.1,37.7
26.1,37.7
26.1,37.7
26.1,37.7
26.1,37.7
26.1,37.7
26.1,37.7
26.1,37.7
26.1,37.7
26.1,37.7
26.1,37.7
26.1,37.7
26.1,37.7
26.1,37.7
26.1,37.7
26.1,37.7
26.1,37.7
26.1,37.7
26.1,37.7
26.1,37.7
26.1,37.7
26.1,37.7
26.1,37.7
24.9,60.4
24.9,60.4
24.9,60.4
24.9,60.4
24.9,60.4
24.9,60.4
24.9,60.4
24.9,60.4
24.9,60.4
24.9,60.4
24.9,60.4
24.9,60.4
24.9,60.4
24.9,60.4
24.9,60.4
24.9,60.4
24.9,60.4
24.9,60.4
24.9,60.4
24.9,60.4
24.9,60.4
24.9,60.4
24.9,60.4
24.9,60.4
28.5,58.1
28.5,58.1
28.5,58.1
28.5,58.1
28.5,58.1
28.5,58.1
28.5,58.1
28.5,58.1
28.5,58.1
28.5,58.1
28.5,58.1
28.5,58.1
28.5,58.1
28.5,58.1
28.5,58.1
28.5,58.1
28.5,58.1
28.5,58.1
28.5,58.1
28.5,58.1
28.5,58.1
28.5,58.1
28.5,58.1
28.5,58.1
14.5,36.1
14.5,36.1
14.5,36.1
14.5,36.1
14.5,36.1
14.5,36.1
14.5,36.1
14.5,36.1
14.5,36.1
14.5,36.1
14.5,36.1
14.5,36.1
14.5,36.1
14.5,36.1
14.5,36.1
14.5,36.1
14.5,36.1
14.5,36.1
14.5,36.1
14.5,36.1
14.5,36.1
14.5,36.1
14.5,36.1
14.5,36.1
25,73.8
25,73.8
25,73.8
25,73.8
25,73.8
25,73.8
25,73.8
25,73.8
25,73.8
25,73.8
25,73.8
25,73.8
25,73.8
25,73.8
25,73.8
25,73.8
25,73.8
25,73.8
25,73.8
25,73.8
25,73.8
25,73.8
25,73.8
25,73.8
24.2,62
24.2,62
24.2,62
24.2,62
24.2,62
24.2,62
24.2,62
24.2,62
24.2,62
24.2,62
24.2,62
24.2,62
24.2,62
24.2,62
24.2,62
24.2,62
24.2,62
24.2,62
24.2,62
24.2,62
24.2,62
24.2,62
24.2,62
24.2,62
31,60.4
31,60.4
31,60.4
31,60.4
31,60.4
31,60.4
31,60.4
31,60.4
31,60.4
31,60.4
31,60.4
31,60.4
31,60.4
31,60.4
31,60.4
31,60.4
31,60.4
31,60.4
31,60.4
31,60.4
31,60.4
31,60.4
31,60.4
31,60.4
26.6,35.3
26.6,35.3
26.6,35.3
26.6,35.3
26.6,35.3
26.6,35.3
26.6,35.3
26.6,35.3
26.6,35.3
26.6,35.3
26.6,35.3
26.6,35.3
26.6,35.3
26.6,35.3
26.6,35.3
26.6,35.3
26.6,35.3
26.6,35.3
26.6,35.3
26.6,35.3
26.6,35.3
26.6,35.3
26.6,35.3
26.6,35.3
17.4,22.8
17.4,22.8
17.4,22.8
17.4,22.8
17.4,22.8
17.4,22.8
17.4,22.8
17.4,22.8
17.4,22.8
17.4,22.8
17.4,22.8
17.4,22.8
17.4,22.8
17.4,22.8
17.4,22.8
17.4,22.8
17.4,22.8
17.4,22.8
17.4,22.8
17.4,22.8
17.4,22.8
17.4,22.8
17.4,22.8
17.4,22.8
17.5,28.2
17.5,28.2
17.5,28.2
17.5,28.2
17.5,28.2
17.5,28.2
17.5,28.2
17.5,28.2
17.5,28.2
17.5,28.2
17.5,28.2
17.5,28.2
17.5,28.2
17.5,28.2
17.5,28.2
17.5,28.2
17.5,28.2
17.5,28.2
17.5,28.2
17.5,28.2
17.5,28.2
17.5,28.2
17.5,28.2
17.5,28.2
17.2,42.4
17.2,42.4
17.2,42.4
17.2,42.4
17.2,42.4
17.2,42.4
17.2,42.4
17.2,42.4
17.2,42.4
17.2,42.4
17.2,42.4
17.2,42.4
17.2,42.4
17.2,42.4
17.2,42.4
17.2,42.4
17.2,42.4
17.2,42.4
17.2,42.4
17.2,42.4
17.2,42.4
17.2,42.4
17.2,42.4
17.2,42.4
20.2,51
20.2,51
20.2,51
20.2,51
20.2,51
20.2,51
20.2,51
20.2,51
20.2,51
20.2,51
20.2,51
20.2,51
20.2,51
20.2,51
20.2,51
20.2,51
20.2,51
20.2,51
20.2,51
20.2,51
20.2,51
20.2,51
20.2,51
20.2,51
17.9,43.2
17.9,43.2
17.9,43.2
17.9,43.2
17.9,43.2
17.9,43.2
17.9,43.2
17.9,43.2
17.9,43.2
17.9,43.2
17.9,43.2
17.9,43.2
17.9,43.2
17.9,43.2
17.9,43.2
17.9,43.2
17.9,43.2
17.9,43.2
17.9,43.2
17.9,43.2
17.9,43.2
17.9,43.2
17.9,43.2
17.9,43.2
20.7,57.3
20.7,57.3
20.7,57.3
20.7,57.3
20.7,57.3
20.7,57.3
20.7,57.3
20.7,57.3
20.7,57.3
20.7,57.3
20.7,57.3
20.7,57.3
20.7,57.3
20.7,57.3
20.7,57.3
20.7,57.3
20.7,57.3
20.7,57.3
20.7,57.3
20.7,57.3
20.7,57.3
20.7,57.3
20.7,57.3
20.7,57.3
27.5,64.3
27.5,64.3
27.5,64.3
27.5,64.3
27.5,64.3
27.5,64.3
27.5,64.3
27.5,64.3
27.5,64.3
27.5,64.3
27.5,64.3
27.5,64.3
27.5,64.3
27.5,64.3
27.5,64.3
27.5,64.3
27.5,64.3
27.5,64.3
27.5,64.3
27.5,64.3
27.5,64.3
27.5,64.3
27.5,64.3
27.5,64.3
25.1,40
25.1,40
25.1,40
25.1,40
25.1,40
25.1,40
25.1,40
25.1,40
25.1,40
25.1,40
25.1,40
25.1,40
25.1,40
25.1,40
25.1,40
25.1,40
25.1,40
25.1,40
25.1,40
25.1,40
25.1,40
25.1,40
25.1,40
25.1,40
26.9,27.5
26.9,27.5
26.9,27.5
26.9,27.5
26.9,27.5
26.9,27.5
26.9,27.5
26.9,27.5
26.9,27.5
26.9,27.5
26.9,27.5
26.9,27.5
26.9,27.5
26.9,27.5
26.9,27.5
26.9,27.5
26.9,27.5
26.9,27.5
26.9,27.5
26.9,27.5
26.9,27.5
26.9,27.5
26.9,27.5
26.9,27.5
30.5,46.3
30.5,46.3
30.5,46.3
30.5,46.3
30.5,46.3
30.5,46.3
30.5,46.3
30.5,46.3
30.5,46.3
30.5,46.3
30.5,46.3
30.5,46.3
30.5,46.3
30.5,46.3
30.5,46.3
30.5,46.3
30.5,46.3
30.5,46.3
30.5,46.3
30.5,46.3
30.5,46.3
30.5,46.3
30.5,46.3
30.5,46.3
33.9,65.9
33.9,65.9
33.9,65.9
33.9,65.9
33.9,65.9
33.9,65.9
33.9,65.9
33.9,65.9
33.9,65.9
33.9,65.9
33.9,65.9
33.9,65.9
33.9,65.9
33.9,65.9
33.9,65.9
33.9,65.9
33.9,65.9
33.9,65.9
33.9,65.9
33.9,65.9
33.9,65.9
33.9,65.9
33.9,65.9
33.9,65.9
34.2,69.8
34.2,69.8
34.2,69.8
34.2,69.8
34.2,69.8
34.2,69.8
34.2,69.8
34.2,69.8
34.2,69.8
34.2,69.8
34.2,69.8
34.2,69.8
34.2,69.8
34.2,69.8
34.2,69.8
34.2,69.8
34.2,69.8
34.2,69.8
34.2,69.8
34.2,69.8
34.2,69.8
34.2,69.8
34.2,69.8
34.2,69.8
28.5,69
28.5,69
28.5,69
28.5,69
28.5,69
28.5,69
28.5,69
28.5,69
28.5,69
28.5,69
28.5,69
28.5,69
28.5,69
28.5,69
28.5,69
28.5,69
28.5,69
28.5,69
28.5,69
28.5,69
28.5,69
28.5,69
28.5,69
28.5,69
30.8,73
30.8,73
30.8,73
30.8,73
30.8,73
30.8,73
30.8,73
30.8,73
30.8,73
30.8,73
30.8,73
30.8,73
30.8,73
30.8,73
30.8,73
30.8,73
30.8,73
30.8,73
30.8,73
30.8,73
30.8,73
30.8,73
30.8,73
30.8,73
31.9,53.4
31.9,53.4
31.9,53.4
31.9,53.4
31.9,53.4
31.9,53.4
31.9,53.4
31.9,53.4
31.9,53.4
31.9,53.4
31.9,53.4
31.9,53.4
31.9,53.4
31.9,53.4
31.9,53.4
31.9,53.4
31.9,53.4
31.9,53.4
31.9,53.4
31.9,53.4
31.9,53.4
31.9,53.4
31.9,53.4
31.9,53.4
32.7,51.8
32.7,51.8
32.7,51.8
32.7,51.8
32.7,51.8
32.7,51.8
32.7,51.8
32.7,51.8
32.7,51.8
32.7,51.8
32.7,51.8
32.7,51.8
32.7,51.8
32.7,51.8
32.7,51.8
32.7,51.8
32.7,51.8
32.7,51.8
32.7,51.8
32.7,51.8
32.7,51.8
32.7,51.8
32.7,51.8
32.7,51.8
26.4,45.5
26.4,45.5
26.4,45.5
26.4,45.5
26.4,45.5
26.4,45.5
26.4,45.5
26.4,45.5
26.4,45.5
26.4,45.5
26.4,45.5
26.4,45.5
26.4,45.5
26.4,45.5
26.4,45.5
26.4,45.5
26.4,45.5
26.4,45.5
26.4,45.5
26.4,45.5
26.4,45.5
26.4,45.5
26.4,45.5
26.4,45.5
27.2,34.5
27.2,34.5
27.2,34.5
27.2,34.5
27.2,34.5
27.2,34.5
27.2,34.5
27.2,34.5
27.2,34.5
27.2,34.5
27.2,34.5
27.2,34.5
27.2,34.5
27.2,34.5
27.2,34.5
27.2,34.5
27.2,34.5
27.2,34.5
27.2,34.5
27.2,34.5
27.2,34.5
27.2,34.5
27.2,34.5
27.2,34.5
34.6,65.1
34.6,65.1
34.6,65.1
34.6,65.1
34.6,65.1
34.6,65.1
34.6,65.1
34.6,65.1
34.6,65.1
34.6,65.1
34.6,65.1
34.6,65.1
34.6,65.1
34.6,65.1
34.6,65.1
34.6,65.1
34.6,65.1
34.6,65.1
34.6,65.1
34.6,65.1
34.6,65.1
34.6,65.1
34.6,65.1
34.6,65.1
32.6,69.8
32.6,69.8
32.6,69.8
32.6,69.8
32.6,69.8
32.6,69.8
32.6,69.8
32.6,69.8
32.6,69.8
32.6,69.8
32.6,69.8
32.6,69.8
32.6,69.8
32.6,69.8
32.6,69.8
32.6,69.8
32.6,69.8
32.6,69.8
32.6,69.8
32.6,69.8
32.6,69.8
32.6,69.8
32.6,69.8
32.6,69.8
30.9,71.4
30.9,71.4
30.9,71.4
30.9,71.4
30.9,71.4
30.9,71.4
30.9,71.4
30.9,71.4
30.9,71.4
30.9,71.4
30.9,71.4
30.9,71.4
30.9,71.4
30.9,71.4
30.9,71.4
30.9,71.4
30.9,71.4
30.9,71.4
30.9,71.4
30.9,71.4
30.9,71.4
30.9,71.4
30.9,71.4
30.9,71.4
30.5,71.4
30.5,71.4
30.5,71.4
30.5,71.4
30.5,71.4
30.5,71.4
30.5,71.4
30.5,71.4
30.5,71.4
30.5,71.4
30.5,71.4
30.5,71.4
30.5,71.4
30.5,71.4
30.5,71.4
30.5,71.4
30.5,71.4
30.5,71.4
30.5,71.4
30.5,71.4
30.5,71.4
30.5,71.4
30.5,71.4
30.5,71.4
28.5,65.1
28.5,65.1
28.5,65.1
28.5,65.1
28.5,65.1
28.5,65.1
28.5,65.1
28.5,65.1
28.5,65.1
28.5,65.1
28.5,65.1
28.5,65.1
28.5,65.1
28.5,65.1
28.5,65.1
28.5,65.1
28.5,65.1
28.5,65.1
28.5,65.1
28.5,65.1
28.5,65.1
28.5,65.1
28.5,65.1
28.5,65.1
33,75.3
33,75.3
33,75.3
33,75.3
33,75.3
33,75.3
33,75.3
33,75.3
33,75.3
33,75.3
33,75.3
33,75.3
33,75.3
33,75.3
33,75.3
33,75.3
33,75.3
33,75.3
33,75.3
33,75.3
33,75.3
33,75.3
33,75.3
33,75.3
27.8,55.7
27.8,55.7
27.8,55.7
27.8,55.7
27.8,55.7
27.8,55.7
27.8,55.7
27.8,55.7
27.8,55.7
27.8,55.7
27.8,55.7
27.8,55.7
27.8,55.7
27.8,55.7
27.8,55.7
27.8,55.7
27.8,55.7
27.8,55.7
27.8,55.7
27.8,55.7
27.8,55.7
27.8,55.7
27.8,55.7
27.8,55.7
26.6,47.1
26.6,47.1
26.6,47.1
26.6,47.1
26.6,47.1
26.6,47.1
26.6,47.1
26.6,47.1
26.6,47.1
26.6,47.1
26.6,47.1
26.6,47.1
26.6,47.1
26.6,47.1
26.6,47.1
26.6,47.1
26.6,47.1
26.6,47.1
26.6,47.1
26.6,47.1
26.6,47.1
26.6,47.1
26.6,47.1
26.6,47.1
23,32.2
23,32.2
23,32.2
23,32.2
23,32.2
23,32.2
23,32.2
23,32.2
23,32.2
23,32.2
23,32.2
23,32.2
23,32.2
23,32.2
23,32.2
23,32.2
23,32.2
23,32.2
23,32.2
23,32.2
23,32.2
23,32.2
23,32.2
23,32.2
19.8,22
19.8,22
19.8,22
19.8,22
19.8,22
19.8,22
19.8,22
19.8,22
19.8,22
19.8,22
19.8,22
19.8,22
19.8,22
19.8,22
19.8,22
19.8,22
19.8,22
19.8,22
19.8,22
19.8,22
19.8,22
19.8,22
19.8,22
19.8,22
24.8,38.4
24.8,38.4
24.8,38.4
24.8,38.4
24.8,38.4
24.8,38.4
24.8,38.4
24.8,38.4
24.8,38.4
24.8,38.4
24.8,38.4
24.8,38.4
24.8,38.4
24.8,38.4
24.8,38.4
24.8,38.4
24.8,38.4
24.8,38.4
24.8,38.4
24.8,38.4
24.8,38.4
24.8,38.4
24.8,38.4
24.8,38.4
5,26.7
5,26.7
5,26.7
5,26.7
5,26.7
5,26.7
5,26.7
5,26.7
5,26.7
5,26.7
5,26.7
5,26.7
5,26.7
5,26.7
5,26.7
5,26.7
5,26.7
5,26.7
5,26.7
5,26.7
5,26.7
5,26.7
5,26.7
5,26.7
27.3,36.9
27.3,36.9
27.3,36.9
27.3,36.9
27.3,36.9
27.3,36.9
27.3,36.9
27.3,36.9
27.3,36.9
27.3,36.9
27.3,36.9
27.3,36.9
27.3,36.9
27.3,36.9
27.3,36.9
27.3,36.9
27.3,36.9
27.3,36.9
27.3,36.9
27.3,36.9
27.3,36.9
27.3,36.9
27.3,36.9
27.3,36.9
27.6,43.9
27.6,43.9
27.6,43.9
27.6,43.9
27.6,43.9
27.6,43.9
27.6,43.9
27.6,43.9
27.6,43.9
27.6,43.9
27.6,43.9
27.6,43.9
27.6,43.9
27.6,43.9
27.6,43.9
27.6,43.9
27.6,43.9
27.6,43.9
27.6,43.9
27.6,43.9
27.6,43.9
27.6,43.9
27.6,43.9
27.6,43.9
27.6,33.7
27.6,33.7
27.6,33.7
27.6,33.7
27.6,33.7
27.6,33.7
27.6,33.7
27.6,33.7
27.6,33.7
27.6,33.7
27.6,33.7
27.6,33.7
27.6,33.7
27.6,33.7
27.6,33.7
27.6,33.7
27.6,33.7
27.6,33.7
27.6,33.7
27.6,33.7
27.6,33.7
27.6,33.7
27.6,33.7
27.6,33.7
29.9,36.1
29.9,36.1
29.9,36.1
29.9,36.1
29.9,36.1
29.9,36.1
29.9,36.1
29.9,36.1
29.9,36.1
29.9,36.1
29.9,36.1
29.9,36.1
29.9,36.1
29.9,36.1
29.9,36.1
29.9,36.1
29.9,36.1
29.9,36.1
29.9,36.1
29.9,36.1
29.9,36.1
29.9,36.1
29.9,36.1
29.9,36.1
16,46.3
16,46.3
16,46.3
16,46.3
16,46.3
16,46.3
16,46.3
16,46.3
16,46.3
16,46.3
16,46.3
16,46.3
16,46.3
16,46.3
16,46.3
16,46.3
16,46.3
16,46.3
16,46.3
16,46.3
16,46.3
16,46.3
16,46.3
16,46.3
24.2,51
24.2,51
24.2,51
24.2,51
24.2,51
24.2,51
24.2,51
24.2,51
24.2,51
24.2,51
24.2,51
24.2,51
24.2,51
24.2,51
24.2,51
24.2,51
24.2,51
24.2,51
24.2,51
24.2,51
24.2,51
24.2,51
24.2,51
24.2,51
19.4,42.4
19.4,42.4
19.4,42.4
19.4,42.4
19.4,42.4
19.4,42.4
19.4,42.4
19.4,42.4
19.4,42.4
19.4,42.4
19.4,42.4
19.4,42.4
19.4,42.4
19.4,42.4
19.4,42.4
19.4,42.4
19.4,42.4
19.4,42.4
19.4,42.4
19.4,42.4
19.4,42.4
19.4,42.4
19.4,42.4
19.4,42.4
20.7,37.7
20.7,37.7
20.7,37.7
20.7,37.7
20.7,37.7
20.7,37.7
20.7,37.7
20.7,37.7
20.7,37.7
20.7,37.7
20.7,37.7
20.7,37.7
20.7,37.7
20.7,37.7
20.7,37.7
20.7,37.7
20.7,37.7
20.7,37.7
20.7,37.7
20.7,37.7
20.7,37.7
20.7,37.7
20.7,37.7
20.7,37.7
25.9,48.6
25.9,48.6
25.9,48.6
25.9,48.6
25.9,48.6
25.9,48.6
25.9,48.6
25.9,48.6
25.9,48.6
25.9,48.6
25.9,48.6
25.9,48.6
25.9,48.6
25.9,48.6
25.9,48.6
25.9,48.6
25.9,48.6
25.9,48.6
25.9,48.6
25.9,48.6
25.9,48.6
25.9,48.6
25.9,48.6
25.9,48.6
18.3,45.5
18.3,45.5
18.3,45.5
18.3,45.5
18.3,45.5
18.3,45.5
18.3,45.5
18.3,45.5
18.3,45.5
18.3,45.5
18.3,45.5
18.3,45.5
18.3,45.5
18.3,45.5
18.3,45.5
18.3,45.5
18.3,45.5
18.3,45.5
18.3,45.5
18.3,45.5
18.3,45.5
18.3,45.5
18.3,45.5
18.3,45.5
17.8,32.2
17.8,32.2
17.8,32.2
17.8,32.2
17.8,32.2
17.8,32.2
17.8,32.2
17.8,32.2
17.8,32.2
17.8,32.2
17.8,32.2
17.8,32.2
17.8,32.2
17.8,32.2
17.8,32.2
17.8,32.2
17.8,32.2
17.8,32.2
17.8,32.2
17.8,32.2
17.8,32.2
17.8,32.2
17.8,32.2
17.8,32.2
13.8,36.9
13.8,36.9
13.8,36.9
13.8,36.9
13.8,36.9
13.8,36.9
13.8,36.9
13.8,36.9
13.8,36.9
13.8,36.9
13.8,36.9
13.8,36.9
13.8,36.9
13.8,36.9
13.8,36.9
13.8,36.9
13.8,36.9
13.8,36.9
13.8,36.9
13.8,36.9
13.8,36.9
13.8,36.9
13.8,36.9
13.8,36.9
16.2,31.4
16.2,31.4
16.2,31.4
16.2,31.4
16.2,31.4
16.2,31.4
16.2,31.4
16.2,31.4
16.2,31.4
16.2,31.4
16.2,31.4
16.2,31.4
16.2,31.4
16.2,31.4
16.2,31.4
16.2,31.4
16.2,31.4
16.2,31.4
16.2,31.4
16.2,31.4
16.2,31.4
16.2,31.4
16.2,31.4
16.2,31.4
13,25.1
13,25.1
13,25.1
13,25.1
13,25.1
13,25.1
13,25.1
13,25.1
13,25.1
13,25.1
13,25.1
13,25.1
13,25.1
13,25.1
13,25.1
13,25.1
13,25.1
13,25.1
13,25.1
13,25.1
13,25.1
13,25.1
13,25.1
13,25.1
22.2,36.1
22.2,36.1
22.2,36.1
22.2,36.1
22.2,36.1
22.2,36.1
22.2,36.1
22.2,36.1
22.2,36.1
22.2,36.1
22.2,36.1
22.2,36.1
22.2,36.1
22.2,36.1
22.2,36.1
22.2,36.1
22.2,36.1
22.2,36.1
22.2,36.1
22.2,36.1
22.2,36.1
22.2,36.1
22.2,36.1
22.2,36.1
25.9,61.2
25.9,61.2
25.9,61.2
25.9,61.2
25.9,61.2
25.9,61.2
25.9,61.2
25.9,61.2
25.9,61.2
25.9,61.2
25.9,61.2
25.9,61.2
25.9,61.2
25.9,61.2
25.9,61.2
25.9,61.2
25.9,61.2
25.9,61.2
25.9,61.2
25.9,61.2
25.9,61.2
25.9,61.2
25.9,61.2
25.9,61.2
25.2,51
25.2,51
25.2,51
25.2,51
25.2,51
25.2,51
25.2,51
25.2,51
25.2,51
25.2,51
25.2,51
25.2,51
25.2,51
25.2,51
25.2,51
25.2,51
25.2,51
25.2,51
25.2,51
25.2,51
25.2,51
25.2,51
25.2,51
25.2,51
27,42.4
27,42.4
27,42.4
27,42.4
27,42.4
27,42.4
27,42.4
27,42.4
27,42.4
27,42.4
27,42.4
27,42.4
27,42.4
27,42.4
27,42.4
27,42.4
27,42.4
27,42.4
27,42.4
27,42.4
27,42.4
27,42.4
27,42.4
27,42.4
16.8,36.9
16.8,36.9
16.8,36.9
16.8,36.9
16.8,36.9
16.8,36.9
16.8,36.9
16.8,36.9
16.8,36.9
16.8,36.9
16.8,36.9
16.8,36.9
16.8,36.9
16.8,36.9
16.8,36.9
16.8,36.9
16.8,36.9
16.8,36.9
16.8,36.9
16.8,36.9
16.8,36.9
16.8,36.9
16.8,36.9
16.8,36.9
18.9,34.5
18.9,34.5
18.9,34.5
18.9,34.5
18.9,34.5
18.9,34.5
18.9,34.5
18.9,34.5
18.9,34.5
18.9,34.5
18.9,34.5
18.9,34.5
18.9,34.5
18.9,34.5
18.9,34.5
18.9,34.5
18.9,34.5
18.9,34.5
18.9,34.5
18.9,34.5
18.9,34.5
18.9,34.5
18.9,34.5
18.9,34.5
21.4,33
21.4,33
21.4,33
21.4,33
21.4,33
21.4,33
21.4,33
21.4,33
21.4,33
21.4,33
21.4,33
21.4,33
21.4,33
21.4,33
21.4,33
21.4,33
21.4,33
21.4,33
21.4,33
21.4,33
21.4,33
21.4,33
21.4,33
21.4,33
18.4,21.2
18.4,21.2
18.4,21.2
18.4,21.2
18.4,21.2
18.4,21.2
18.4,21.2
18.4,21.2
18.4,21.2
18.4,21.2
18.4,21.2
18.4,21.2
18.4,21.2
18.4,21.2
18.4,21.2
18.4,21.2
18.4,21.2
18.4,21.2
18.4,21.2
18.4,21.2
18.4,21.2
18.4,21.2
18.4,21.2
18.4,21.2
21.3,36.1
21.3,36.1
21.3,36.1
21.3,36.1
21.3,36.1
21.3,36.1
21.3,36.1
21.3,36.1
21.3,36.1
21.3,36.1
21.3,36.1
21.3,36.1
21.3,36.1
21.3,36.1
21.3,36.1
21.3,36.1
21.3,36.1
21.3,36.1
21.3,36.1
21.3,36.1
21.3,36.1
21.3,36.1
21.3,36.1
21.3,36.1
21.5,46.3
21.5,46.3
21.5,46.3
21.5,46.3
21.5,46.3
21.5,46.3
21.5,46.3
21.5,46.3
21.5,46.3
21.5,46.3
21.5,46.3
21.5,46.3
21.5,46.3
21.5,46.3
21.5,46.3
21.5,46.3
21.5,46.3
21.5,46.3
21.5,46.3
21.5,46.3
21.5,46.3
21.5,46.3
21.5,46.3
21.5,46.3
16.1,34.5
16.1,34.5
16.1,34.5
16.1,34.5
16.1,34.5
16.1,34.5
16.1,34.5
16.1,34.5
16.1,34.5
16.1,34.5
16.1,34.5
16.1,34.5
16.1,34.5
16.1,34.5
16.1,34.5
16.1,34.5
16.1,34.5
16.1,34.5
16.1,34.5
16.1,34.5
16.1,34.5
16.1,34.5
16.1,34.5
16.1,34.5
13.8,36.9
13.8,36.9
13.8,36.9
13.8,36.9
13.8,36.9
13.8,36.9
13.8,36.9
13.8,36.9
13.8,36.9
13.8,36.9
13.8,36.9
13.8,36.9
13.8,36.9
13.8,36.9
13.8,36.9
13.8,36.9
13.8,36.9
13.8,36.9
13.8,36.9
13.8,36.9
13.8,36.9
13.8,36.9
13.8,36.9
13.8,36.9
14.4,38.4
14.4,38.4
14.4,38.4
14.4,38.4
14.4,38.4
14.4,38.4
14.4,38.4
14.4,38.4
14.4,38.4
14.4,38.4
14.4,38.4
14.4,38.4
14.4,38.4
14.4,38.4
14.4,38.4
14.4,38.4
14.4,38.4
14.4,38.4
14.4,38.4
14.4,38.4
14.4,38.4
14.4,38.4
14.4,38.4
14.4,38.4
19.8,36.1
19.8,36.1
19.8,36.1
19.8,36.1
19.8,36.1
19.8,36.1
19.8,36.1
19.8,36.1
19.8,36.1
19.8,36.1
19.8,36.1
19.8,36.1
19.8,36.1
19.8,36.1
19.8,36.1
19.8,36.1
19.8,36.1
19.8,36.1
19.8,36.1
19.8,36.1
19.8,36.1
19.8,36.1
19.8,36.1
19.8,36.1
23.1,53.4
23.1,53.4
23.1,53.4
23.1,53.4
23.1,53.4
23.1,53.4
23.1,53.4
23.1,53.4
23.1,53.4
23.1,53.4
23.1,53.4
23.1,53.4
23.1,53.4
23.1,53.4
23.1,53.4
23.1,53.4
23.1,53.4
23.1,53.4
23.1,53.4
23.1,53.4
23.1,53.4
23.1,53.4
23.1,53.4
23.1,53.4
19,45.5
19,45.5
19,45.5
19,45.5
19,45.5
19,45.5
19,45.5
19,45.5
19,45.5
19,45.5
19,45.5
19,45.5
19,45.5
19,45.5
19,45.5
19,45.5
19,45.5
19,45.5
19,45.5
19,45.5
19,45.5
19,45.5
19,45.5
19,45.5
16.9,35.3
16.9,35.3
16.9,35.3
16.9,35.3
16.9,35.3
16.9,35.3
16.9,35.3
16.9,35.3
16.9,35.3
16.9,35.3
16.9,35.3
16.9,35.3
16.9,35.3
16.9,35.3
16.9,35.3
16.9,35.3
16.9,35.3
16.9,35.3
16.9,35.3
16.9,35.3
16.9,35.3
16.9,35.3
16.9,35.3
16.9,35.3
22,38.4
22,38.4
22,38.4
22,38.4
22,38.4
22,38.4
22,38.4
22,38.4
22,38.4
22,38.4
22,38.4
22,38.4
22,38.4
22,38.4
22,38.4
22,38.4
22,38.4
22,38.4
22,38.4
22,38.4
22,38.4
22,38.4
22,38.4
22,38.4
23.6,40.8
23.6,40.8
23.6,40.8
23.6,40.8
23.6,40.8
23.6,40.8
23.6,40.8
23.6,40.8
23.6,40.8
23.6,40.8
23.6,40.8
23.6,40.8
23.6,40.8
23.6,40.8
23.6,40.8
23.6,40.8
23.6,40.8
23.6,40.8
23.6,40.8
23.6,40.8
23.6,40.8
23.6,40.8
23.6,40.8
23.6,40.8
27.2,50.2
27.2,50.2
27.2,50.2
27.2,50.2
27.2,50.2
27.2,50.2
27.2,50.2
27.2,50.2
27.2,50.2
27.2,50.2
27.2,50.2
27.2,50.2
27.2,50.2
27.2,50.2
27.2,50.2
27.2,50.2
27.2,50.2
27.2,50.2
27.2,50.2
27.2,50.2
27.2,50.2
27.2,50.2
27.2,50.2
27.2,50.2
21.5,46.3
21.5,46.3
21.5,46.3
21.5,46.3
21.5,46.3
21.5,46.3
21.5,46.3
21.5,46.3
21.5,46.3
21.5,46.3
21.5,46.3
21.5,46.3
21.5,46.3
21.5,46.3
21.5,46.3
21.5,46.3
21.5,46.3
21.5,46.3
21.5,46.3
21.5,46.3
21.5,46.3
21.5,46.3
21.5,46.3
21.5,46.3
24.1,51.8
24.1,51.8
24.1,51.8
24.1,51.8
24.1,51.8
24.1,51.8
24.1,51.8
24.1,51.8
24.1,51.8
24.1,51.8
24.1,51.8
24.1,51.8
24.1,51.8
24.1,51.8
24.1,51.8
24.1,51.8
24.1,51.8
24.1,51.8
24.1,51.8
24.1,51.8
24.1,51.8
24.1,51.8
24.1,51.8
24.1,51.8
23.9,38.4
23.9,38.4
23.9,38.4
23.9,38.4
23.9,38.4
23.9,38.4
23.9,38.4
23.9,38.4
23.9,38.4
23.9,38.4
23.9,38.4
23.9,38.4
23.9,38.4
23.9,38.4
23.9,38.4
23.9,38.4
23.9,38.4
23.9,38.4
23.9,38.4
23.9,38.4
23.9,38.4
23.9,38.4
23.9,38.4
23.9,38.4
21.8,40.8
21.8,40.8
21.8,40.8
21.8,40.8
21.8,40.8
21.8,40.8
21.8,40.8
21.8,40.8
21.8,40.8
21.8,40.8
21.8,40.8
21.8,40.8
21.8,40.8
21.8,40.8
21.8,40.8
21.8,40.8
21.8,40.8
21.8,40.8
21.8,40.8
21.8,40.8
21.8,40.8
21.8,40.8
21.8,40.8
21.8,40.8
25.4,40
25.4,40
25.4,40
25.4,40
25.4,40
25.4,40
25.4,40
25.4,40
25.4,40
25.4,40
25.4,40
25.4,40
25.4,40
25.4,40
25.4,40
25.4,40
25.4,40
25.4,40
25.4,40
25.4,40
25.4,40
25.4,40
25.4,40
25.4,40
31,47.9
31,47.9
31,47.9
31,47.9
31,47.9
31,47.9
31,47.9
31,47.9
31,47.9
31,47.9
31,47.9
31,47.9
31,47.9
31,47.9
31,47.9
31,47.9
31,47.9
31,47.9
31,47.9
31,47.9
31,47.9
31,47.9
31,47.9
31,47.9
28.2,70.6
28.2,70.6
28.2,70.6
28.2,70.6
28.2,70.6
28.2,70.6
28.2,70.6
28.2,70.6
28.2,70.6
28.2,70.6
28.2,70.6
28.2,70.6
28.2,70.6
28.2,70.6
28.2,70.6
28.2,70.6
28.2,70.6
28.2,70.6
28.2,70.6
28.2,70.6
28.2,70.6
28.2,70.6
28.2,70.6
28.2,70.6
19.9,40
19.9,40
19.9,40
19.9,40
19.9,40
19.9,40
19.9,40
19.9,40
19.9,40
19.9,40
19.9,40
19.9,40
19.9,40
19.9,40
19.9,40
19.9,40
19.9,40
19.9,40
19.9,40
19.9,40
19.9,40
19.9,40
19.9,40
19.9,40
21.3,40
21.3,40
21.3,40
21.3,40
21.3,40
21.3,40
21.3,40
21.3,40
21.3,40
21.3,40
21.3,40
21.3,40
21.3,40
21.3,40
21.3,40
21.3,40
21.3,40
21.3,40
21.3,40
21.3,40
21.3,40
21.3,40
21.3,40
21.3,40
28,71.4
28,71.4
28,71.4
28,71.4
28,71.4
28,71.4
28,71.4
28,71.4
28,71.4
28,71.4
28,71.4
28,71.4
28,71.4
28,71.4
28,71.4
28,71.4
28,71.4
28,71.4
28,71.4
28,71.4
28,71.4
28,71.4
28,71.4
28,71.4
24.8,61.2
24.8,61.2
24.8,61.2
24.8,61.2
24.8,61.2
24.8,61.2
24.8,61.2
24.8,61.2
24.8,61.2
24.8,61.2
24.8,61.2
24.8,61.2
24.8,61.2
24.8,61.2
24.8,61.2
24.8,61.2
24.8,61.2
24.8,61.2
24.8,61.2
24.8,61.2
24.8,61.2
24.8,61.2
24.8,61.2
24.8,61.2
20.7,47.1
20.7,47.1
20.7,47.1
20.7,47.1
20.7,47.1
20.7,47.1
20.7,47.1
20.7,47.1
20.7,47.1
20.7,47.1
20.7,47.1
20.7,47.1
20.7,47.1
20.7,47.1
20.7,47.1
20.7,47.1
20.7,47.1
20.7,47.1
20.7,47.1
20.7,47.1
20.7,47.1
20.7,47.1
20.7,47.1
20.7,47.1
24.7,57.3
24.7,57.3
24.7,57.3
24.7,57.3
24.7,57.3
24.7,57.3
24.7,57.3
24.7,57.3
24.7,57.3
24.7,57.3
24.7,57.3
24.7,57.3
24.7,57.3
24.7,57.3
24.7,57.3
24.7,57.3
24.7,57.3
24.7,57.3
24.7,57.3
24.7,57.3
24.7,57.3
24.7,57.3
24.7,57.3
24.7,57.3
27.2,47.1
27.2,47.1
27.2,47.1
27.2,47.1
27.2,47.1
27.2,47.1
27.2,47.1
27.2,47.1
27.2,47.1
27.2,47.1
27.2,47.1
27.2,47.1
27.2,47.1
27.2,47.1
27.2,47.1
27.2,47.1
27.2,47.1
27.2,47.1
27.2,47.1
27.2,47.1
27.2,47.1
27.2,47.1
27.2,47.1
27.2,47.1
21.7,52.6
21.7,52.6
21.7,52.6
21.7,52.6
21.7,52.6
21.7,52.6
21.7,52.6
21.7,52.6
21.7,52.6
21.7,52.6
21.7,52.6
21.7,52.6
21.7,52.6
21.7,52.6
21.7,52.6
21.7,52.6
21.7,52.6
21.7,52.6
21.7,52.6
21.7,52.6
21.7,52.6
21.7,52.6
21.7,52.6
21.7,52.6
25,69.8
25,69.8
25,69.8
25,69.8
25,69.8
25,69.8
25,69.8
25,69.8
25,69.8
25,69.8
25,69.8
25,69.8
25,69.8
25,69.8
25,69.8
25,69.8
25,69.8
25,69.8
25,69.8
25,69.8
25,69.8
25,69.8
25,69.8
25,69.8
20.9,60.4
20.9,60.4
20.9,60.4
20.9,60.4
20.9,60.4
20.9,60.4
20.9,60.4
20.9,60.4
20.9,60.4
20.9,60.4
20.9,60.4
20.9,60.4
20.9,60.4
20.9,60.4
20.9,60.4
20.9,60.4
20.9,60.4
20.9,60.4
20.9,60.4
20.9,60.4
20.9,60.4
20.9,60.4
20.9,60.4
20.9,60.4
21.7,58.1
21.7,58.1
21.7,58.1
21.7,58.1
21.7,58.1
21.7,58.1
21.7,58.1
21.7,58.1
21.7,58.1
21.7,58.1
21.7,58.1
21.7,58.1
21.7,58.1
21.7,58.1
21.7,58.1
21.7,58.1
21.7,58.1
21.7,58.1
21.7,58.1
21.7,58.1
21.7,58.1
21.7,58.1
21.7,58.1
21.7,58.1
20.6,49.4
20.6,49.4
20.6,49.4
20.6,49.4
20.6,49.4
20.6,49.4
20.6,49.4
20.6,49.4
20.6,49.4
20.6,49.4
20.6,49.4
20.6,49.4
20.6,49.4
20.6,49.4
20.6,49.4
20.6,49.4
20.6,49.4
20.6,49.4
20.6,49.4
20.6,49.4
20.6,49.4
20.6,49.4
20.6,49.4
20.6,49.4
27.9,58.1
27.9,58.1
27.9,58.1
27.9,58.1
27.9,58.1
27.9,58.1
27.9,58.1
27.9,58.1
27.9,58.1
27.9,58.1
27.9,58.1
27.9,58.1
27.9,58.1
27.9,58.1
27.9,58.1
27.9,58.1
27.9,58.1
27.9,58.1
27.9,58.1
27.9,58.1
27.9,58.1
27.9,58.1
27.9,58.1
27.9,58.1
21.7,52.6
21.7,52.6
21.7,52.6
21.7,52.6
21.7,52.6
21.7,52.6
21.7,52.6
21.7,52.6
21.7,52.6
21.7,52.6
21.7,52.6
21.7,52.6
21.7,52.6
21.7,52.6
21.7,52.6
21.7,52.6
21.7,52.6
21.7,52.6
21.7,52.6
21.7,52.6
21.7,52.6
21.7,52.6
21.7,52.6
21.7,52.6
21.5,36.9
21.5,36.9
21.5,36.9
21.5,36.9
21.5,36.9
21.5,36.9
21.5,36.9
21.5,36.9
21.5,36.9
21.5,36.9
21.5,36.9
21.5,36.9
21.5,36.9
21.5,36.9
21.5,36.9
21.5,36.9
21.5,36.9
21.5,36.9
21.5,36.9
21.5,36.9
21.5,36.9
21.5,36.9
21.5,36.9
21.5,36.9
22.1,40.8
22.1,40.8
22.1,40.8
22.1,40.8
22.1,40.8
22.1,40.8
22.1,40.8
22.1,40.8
22.1,40.8
22.1,40.8
22.1,40.8
22.1,40.8
22.1,40.8
22.1,40.8
22.1,40.8
22.1,40.8
22.1,40.8
22.1,40.8
22.1,40.8
22.1,40.8
22.1,40.8
22.1,40.8
22.1,40.8
22.1,40.8
18.9,25.9
18.9,25.9
18.9,25.9
18.9,25.9
18.9,25.9
18.9,25.9
18.9,25.9
18.9,25.9
18.9,25.9
18.9,25.9
18.9,25.9
18.9,25.9
18.9,25.9
18.9,25.9
18.9,25.9
18.9,25.9
18.9,25.9
18.9,25.9
18.9,25.9
18.9,25.9
18.9,25.9
18.9,25.9
18.9,25.9
18.9,25.9
19.8,29
19.8,29
19.8,29
19.8,29
19.8,29
19.8,29
19.8,29
19.8,29
19.8,29
19.8,29
19.8,29
19.8,29
19.8,29
19.8,29
19.8,29
19.8,29
19.8,29
19.8,29
19.8,29
19.8,29
19.8,29
19.8,29
19.8,29
19.8,29
15.5,37.7
15.5,37.7
15.5,37.7
15.5,37.7
15.5,37.7
15.5,37.7
15.5,37.7
15.5,37.7
15.5,37.7
15.5,37.7
15.5,37.7
15.5,37.7
15.5,37.7
15.5,37.7
15.5,37.7
15.5,37.7
15.5,37.7
15.5,37.7
15.5,37.7
15.5,37.7
15.5,37.7
15.5,37.7
15.5,37.7
15.5,37.7
20.5,51
20.5,51
20.5,51
20.5,51
20.5,51
20.5,51
20.5,51
20.5,51
20.5,51
20.5,51
20.5,51
20.5,51
20.5,51
20.5,51
20.5,51
20.5,51
20.5,51
20.5,51
20.5,51
20.5,51
20.5,51
20.5,51
20.5,51
20.5,51
18.9,41.6
18.9,41.6
18.9,41.6
18.9,41.6
18.9,41.6
18.9,41.6
18.9,41.6
18.9,41.6
18.9,41.6
18.9,41.6
18.9,41.6
18.9,41.6
18.9,41.6
18.9,41.6
18.9,41.6
18.9,41.6
18.9,41.6
18.9,41.6
18.9,41.6
18.9,41.6
18.9,41.6
18.9,41.6
18.9,41.6
18.9,41.6
17.9,36.1
17.9,36.1
17.9,36.1
17.9,36.1
17.9,36.1
17.9,36.1
17.9,36.1
17.9,36.1
17.9,36.1
17.9,36.1
17.9,36.1
17.9,36.1
17.9,36.1
17.9,36.1
17.9,36.1
17.9,36.1
17.9,36.1
17.9,36.1
17.9,36.1
17.9,36.1
17.9,36.1
17.9,36.1
17.9,36.1
17.9,36.1
19.3,38.4
19.3,38.4
19.3,38.4
19.3,38.4
19.3,38.4
19.3,38.4
19.3,38.4
19.3,38.4
19.3,38.4
19.3,38.4
19.3,38.4
19.3,38.4
19.3,38.4
19.3,38.4
19.3,38.4
19.3,38.4
19.3,38.4
19.3,38.4
19.3,38.4
19.3,38.4
19.3,38.4
19.3,38.4
19.3,38.4
19.3,38.4
19.2,52.6
19.2,52.6
19.2,52.6
19.2,52.6
19.2,52.6
19.2,52.6
19.2,52.6
19.2,52.6
19.2,52.6
19.2,52.6
19.2,52.6
19.2,52.6
19.2,52.6
19.2,52.6
19.2,52.6
19.2,52.6
19.2,52.6
19.2,52.6
19.2,52.6
19.2,52.6
19.2,52.6
19.2,52.6
19.2,52.6
19.2,52.6
25.7,54.1
25.7,54.1
25.7,54.1
25.7,54.1
25.7,54.1
25.7,54.1
25.7,54.1
25.7,54.1
25.7,54.1
25.7,54.1
25.7,54.1
25.7,54.1
25.7,54.1
25.7,54.1
25.7,54.1
25.7,54.1
25.7,54.1
25.7,54.1
25.7,54.1
25.7,54.1
25.7,54.1
25.7,54.1
25.7,54.1
25.7,54.1
24.4,45.5
24.4,45.5
24.4,45.5
24.4,45.5
24.4,45.5
24.4,45.5
24.4,45.5
24.4,45.5
24.4,45.5
24.4,45.5
24.4,45.5
24.4,45.5
24.4,45.5
24.4,45.5
24.4,45.5
24.4,45.5
24.4,45.5
24.4,45.5
24.4,45.5
24.4,45.5
24.4,45.5
24.4,45.5
24.4,45.5
24.4,45.5
20.3,42.4
20.3,42.4
20.3,42.4
20.3,42.4
20.3,42.4
20.3,42.4
20.3,42.4
20.3,42.4
20.3,42.4
20.3,42.4
20.3,42.4
20.3,42.4
20.3,42.4
20.3,42.4
20.3,42.4
20.3,42.4
20.3,42.4
20.3,42.4
20.3,42.4
20.3,42.4
20.3,42.4
20.3,42.4
20.3,42.4
20.3,42.4
20.2,38.4
20.2,38.4
20.2,38.4
20.2,38.4
20.2,38.4
20.2,38.4
20.2,38.4
20.2,38.4
20.2,38.4
20.2,38.4
20.2,38.4
20.2,38.4
20.2,38.4
20.2,38.4
20.2,38.4
20.2,38.4
20.2,38.4
20.2,38.4
20.2,38.4
20.2,38.4
20.2,38.4
20.2,38.4
20.2,38.4
20.2,38.4
22,34.5
22,34.5
22,34.5
22,34.5
22,34.5
22,34.5
22,34.5
22,34.5
22,34.5
22,34.5
22,34.5
22,34.5
22,34.5
22,34.5
22,34.5
22,34.5
22,34.5
22,34.5
22,34.5
22,34.5
22,34.5
22,34.5
22,34.5
22,34.5
15.2,41.6
15.2,41.6
15.2,41.6
15.2,41.6
15.2,41.6
15.2,41.6
15.2,41.6
15.2,41.6
15.2,41.6
15.2,41.6
15.2,41.6
15.2,41.6
15.2,41.6
15.2,41.6
15.2,41.6
15.2,41.6
15.2,41.6
15.2,41.6
15.2,41.6
15.2,41.6
15.2,41.6
15.2,41.6
15.2,41.6
15.2,41.6
21.9,48.6
21.9,48.6
21.9,48.6
21.9,48.6
21.9,48.6
21.9,48.6
21.9,48.6
21.9,48.6
21.9,48.6
21.9,48.6
21.9,48.6
21.9,48.6
21.9,48.6
21.9,48.6
21.9,48.6
21.9,48.6
21.9,48.6
21.9,48.6
21.9,48.6
21.9,48.6
21.9,48.6
21.9,48.6
21.9,48.6
21.9,48.6
18.2,44.7
18.2,44.7
18.2,44.7
18.2,44.7
18.2,44.7
18.2,44.7
18.2,44.7
18.2,44.7
18.2,44.7
18.2,44.7
18.2,44.7
18.2,44.7
18.2,44.7
18.2,44.7
18.2,44.7
18.2,44.7
18.2,44.7
18.2,44.7
18.2,44.7
18.2,44.7
18.2,44.7
18.2,44.7
18.2,44.7
18.2,44.7
26,49.4
26,49.4
26,49.4
26,49.4
26,49.4
26,49.4
26,49.4
26,49.4
26,49.4
26,49.4
26,49.4
26,49.4
26,49.4
26,49.4
26,49.4
26,49.4
26,49.4
26,49.4
26,49.4
26,49.4
26,49.4
26,49.4
26,49.4
26,49.4
20.7,34.5
20.7,34.5
20.7,34.5
20.7,34.5
20.7,34.5
20.7,34.5
20.7,34.5
20.7,34.5
20.7,34.5
20.7,34.5
20.7,34.5
20.7,34.5
20.7,34.5
20.7,34.5
20.7,34.5
20.7,34.5
20.7,34.5
20.7,34.5
20.7,34.5
20.7,34.5
20.7,34.5
20.7,34.5
20.7,34.5
20.7,34.5
19.7,43.2
19.7,43.2
19.7,43.2
19.7,43.2
19.7,43.2
19.7,43.2
19.7,43.2
19.7,43.2
19.7,43.2
19.7,43.2
19.7,43.2
19.7,43.2
19.7,43.2
19.7,43.2
19.7,43.2
19.7,43.2
19.7,43.2
19.7,43.2
19.7,43.2
19.7,43.2
19.7,43.2
19.7,43.2
19.7,43.2
19.7,43.2
25.5,32.2
25.5,32.2
25.5,32.2
25.5,32.2
25.5,32.2
25.5,32.2
25.5,32.2
25.5,32.2
25.5,32.2
25.5,32.2
25.5,32.2
25.5,32.2
25.5,32.2
25.5,32.2
25.5,32.2
25.5,32.2
25.5,32.2
25.5,32.2
25.5,32.2
25.5,32.2
25.5,32.2
25.5,32.2
25.5,32.2
25.5,32.2
26.4,35.3
26.4,35.3
26.4,35.3
26.4,35.3
26.4,35.3
26.4,35.3
26.4,35.3
26.4,35.3
26.4,35.3
26.4,35.3
26.4,35.3
26.4,35.3
26.4,35.3
26.4,35.3
26.4,35.3
26.4,35.3
26.4,35.3
26.4,35.3
26.4,35.3
26.4,35.3
26.4,35.3
26.4,35.3
26.4,35.3
26.4,35.3
28.8,56.5
28.8,56.5
28.8,56.5
28.8,56.5
28.8,56.5
28.8,56.5
28.8,56.5
28.8,56.5
28.8,56.5
28.8,56.5
28.8,56.5
28.8,56.5
28.8,56.5
28.8,56.5
28.8,56.5
28.8,56.5
28.8,56.5
28.8,56.5
28.8,56.5
28.8,56.5
28.8,56.5
28.8,56.5
28.8,56.5
28.8,56.5
25.5,69
25.5,69
25.5,69
25.5,69
25.5,69
25.5,69
25.5,69
25.5,69
25.5,69
25.5,69
25.5,69
25.5,69
25.5,69
25.5,69
25.5,69
25.5,69
25.5,69
25.5,69
25.5,69
25.5,69
25.5,69
25.5,69
25.5,69
25.5,69
21.7,58.1
21.7,58.1
21.7,58.1
21.7,58.1
21.7,58.1
21.7,58.1
21.7,58.1
21.7,58.1
21.7,58.1
21.7,58.1
21.7,58.1
21.7,58.1
21.7,58.1
21.7,58.1
21.7,58.1
21.7,58.1
21.7,58.1
21.7,58.1
21.7,58.1
21.7,58.1
21.7,58.1
21.7,58.1
21.7,58.1
21.7,58.1
24,56.5
24,56.5
24,56.5
24,56.5
24,56.5
24,56.5
24,56.5
24,56.5
24,56.5
24,56.5
24,56.5
24,56.5
24,56.5
24,56.5
24,56.5
24,56.5
24,56.5
24,56.5
24,56.5
24,56.5
24,56.5
24,56.5
24,56.5
24,56.5
20.6,36.9
20.6,36.9
20.6,36.9
20.6,36.9
20.6,36.9
20.6,36.9
20.6,36.9
20.6,36.9
20.6,36.9
20.6,36.9
20.6,36.9
20.6,36.9
20.6,36.9
20.6,36.9
20.6,36.9
20.6,36.9
20.6,36.9
20.6,36.9
20.6,36.9
20.6,36.9
20.6,36.9
20.6,36.9
20.6,36.9
20.6,36.9
22.4,40.8
22.4,40.8
22.4,40.8
22.4,40.8
22.4,40.8
22.4,40.8
22.4,40.8
22.4,40.8
22.4,40.8
22.4,40.8
22.4,40.8
22.4,40.8
22.4,40.8
22.4,40.8
22.4,40.8
22.4,40.8
22.4,40.8
22.4,40.8
22.4,40.8
22.4,40.8
22.4,40.8
22.4,40.8
22.4,40.8
22.4,40.8
23.4,39.2
23.4,39.2
23.4,39.2
23.4,39.2
23.4,39.2
23.4,39.2
23.4,39.2
23.4,39.2
23.4,39.2
23.4,39.2
23.4,39.2
23.4,39.2
23.4,39.2
23.4,39.2
23.4,39.2
23.4,39.2
23.4,39.2
23.4,39.2
23.4,39.2
23.4,39.2
23.4,39.2
23.4,39.2
23.4,39.2
23.4,39.2
27.5,51.8
27.5,51.8
27.5,51.8
27.5,51.8
27.5,51.8
27.5,51.8
27.5,51.8
27.5,51.8
27.5,51.8
27.5,51.8
27.5,51.8
27.5,51.8
27.5,51.8
27.5,51.8
27.5,51.8
27.5,51.8
27.5,51.8
27.5,51.8
27.5,51.8
27.5,51.8
27.5,51.8
27.5,51.8
27.5,51.8
27.5,51.8
26.5,44.7
26.5,44.7
26.5,44.7
26.5,44.7
26.5,44.7
26.5,44.7
26.5,44.7
26.5,44.7
26.5,44.7
26.5,44.7
26.5,44.7
26.5,44.7
26.5,44.7
26.5,44.7
26.5,44.7
26.5,44.7
26.5,44.7
26.5,44.7
26.5,44.7
26.5,44.7
26.5,44.7
26.5,44.7
26.5,44.7
26.5,44.7
29.1,52.6
29.1,52.6
29.1,52.6
29.1,52.6
29.1,52.6
29.1,52.6
29.1,52.6
29.1,52.6
29.1,52.6
29.1,52.6
29.1,52.6
29.1,52.6
29.1,52.6
29.1,52.6
29.1,52.6
29.1,52.6
29.1,52.6
29.1,52.6
29.1,52.6
29.1,52.6
29.1,52.6
29.1,52.6
29.1,52.6
29.1,52.6
24.6,46.3
24.6,46.3
24.6,46.3
24.6,46.3
24.6,46.3
24.6,46.3
24.6,46.3
24.6,46.3
24.6,46.3
24.6,46.3
24.6,46.3
24.6,46.3
24.6,46.3
24.6,46.3
24.6,46.3
24.6,46.3
24.6,46.3
24.6,46.3
24.6,46.3
24.6,46.3
24.6,46.3
24.6,46.3
24.6,46.3
24.6,46.3
22.5,37.7
22.5,37.7
22.5,37.7
22.5,37.7
22.5,37.7
22.5,37.7
22.5,37.7
22.5,37.7
22.5,37.7
22.5,37.7
22.5,37.7
22.5,37.7
22.5,37.7
22.5,37.7
22.5,37.7
22.5,37.7
22.5,37.7
22.5,37.7
22.5,37.7
22.5,37.7
22.5,37.7
22.5,37.7
22.5,37.7
22.5,37.7
24.7,36.1
24.7,36.1
24.7,36.1
24.7,36.1
24.7,36.1
24.7,36.1
24.7,36.1
24.7,36.1
24.7,36.1
24.7,36.1
24.7,36.1
24.7,36.1
24.7,36.1
24.7,36.1
24.7,36.1
24.7,36.1
24.7,36.1
24.7,36.1
24.7,36.1
24.7,36.1
24.7,36.1
24.7,36.1
24.7,36.1
24.7,36.1
25.3,36.1
25.3,36.1
25.3,36.1
25.3,36.1
25.3,36.1
25.3,36.1
25.3,36.1
25.3,36.1
25.3,36.1
25.3,36.1
25.3,36.1
25.3,36.1
25.3,36.1
25.3,36.1
25.3,36.1
25.3,36.1
25.3,36.1
25.3,36.1
25.3,36.1
25.3,36.1
25.3,36.1
25.3,36.1
25.3,36.1
25.3,36.1
25.8,46.3
25.8,46.3
25.8,46.3
25.8,46.3
25.8,46.3
25.8,46.3
25.8,46.3
25.8,46.3
25.8,46.3
25.8,46.3
25.8,46.3
25.8,46.3
25.8,46.3
25.8,46.3
25.8,46.3
25.8,46.3
25.8,46.3
25.8,46.3
25.8,46.3
25.8,46.3
25.8,46.3
25.8,46.3
25.8,46.3
25.8,46.3
25.2,47.9
25.2,47.9
25.2,47.9
25.2,47.9
25.2,47.9
25.2,47.9
25.2,47.9
25.2,47.9
25.2,47.9
25.2,47.9
25.2,47.9
25.2,47.9
25.2,47.9
25.2,47.9
25.2,47.9
25.2,47.9
25.2,47.9
25.2,47.9
25.2,47.9
25.2,47.9
25.2,47.9
25.2,47.9
25.2,47.9
25.2,47.9
25.8,53.4
25.8,53.4
25.8,53.4
25.8,53.4
25.8,53.4
25.8,53.4
25.8,53.4
25.8,53.4
25.8,53.4
25.8,53.4
25.8,53.4
25.8,53.4
25.8,53.4
25.8,53.4
25.8,53.4
25.8,53.4
25.8,53.4
25.8,53.4
25.8,53.4
25.8,53.4
25.8,53.4
25.8,53.4
25.8,53.4
25.8,53.4
31.4,62.8
31.4,62.8
31.4,62.8
31.4,62.8
31.4,62.8
31.4,62.8
31.4,62.8
31.4,62.8
31.4,62.8
31.4,62.8
31.4,62.8
31.4,62.8
31.4,62.8
31.4,62.8
31.4,62.8
31.4,62.8
31.4,62.8
31.4,62.8
31.4,62.8
31.4,62.8
31.4,62.8
31.4,62.8
31.4,62.8
31.4,62.8
27,58.1
27,58.1
27,58.1
27,58.1
27,58.1
27,58.1
27,58.1
27,58.1
27,58.1
27,58.1
27,58.1
27,58.1
27,58.1
27,58.1
27,58.1
27,58.1
27,58.1
27,58.1
27,58.1
27,58.1
27,58.1
27,58.1
27,58.1
27,58.1
17.7,34.5
17.7,34.5
17.7,34.5
17.7,34.5
17.7,34.5
17.7,34.5
17.7,34.5
17.7,34.5
17.7,34.5
17.7,34.5
17.7,34.5
17.7,34.5
17.7,34.5
17.7,34.5
17.7,34.5
17.7,34.5
17.7,34.5
17.7,34.5
17.7,34.5
17.7,34.5
17.7,34.5
17.7,34.5
17.7,34.5
17.7,34.5
18.1,33.7
18.1,33.7
18.1,33.7
18.1,33.7
18.1,33.7
18.1,33.7
18.1,33.7
18.1,33.7
18.1,33.7
18.1,33.7
18.1,33.7
18.1,33.7
18.1,33.7
18.1,33.7
18.1,33.7
18.1,33.7
18.1,33.7
18.1,33.7
18.1,33.7
18.1,33.7
18.1,33.7
18.1,33.7
18.1,33.7
18.1,33.7
20.7,48.6
20.7,48.6
20.7,48.6
20.7,48.6
20.7,48.6
20.7,48.6
20.7,48.6
20.7,48.6
20.7,48.6
20.7,48.6
20.7,48.6
20.7,48.6
20.7,48.6
20.7,48.6
20.7,48.6
20.7,48.6
20.7,48.6
20.7,48.6
20.7,48.6
20.7,48.6
20.7,48.6
20.7,48.6
20.7,48.6
20.7,48.6
23.4,44.7
23.4,44.7
23.4,44.7
23.4,44.7
23.4,44.7
23.4,44.7
23.4,44.7
23.4,44.7
23.4,44.7
23.4,44.7
23.4,44.7
23.4,44.7
23.4,44.7
23.4,44.7
23.4,44.7
23.4,44.7
23.4,44.7
23.4,44.7
23.4,44.7
23.4,44.7
23.4,44.7
23.4,44.7
23.4,44.7
23.4,44.7
24.4,58.8
24.4,58.8
24.4,58.8
24.4,58.8
24.4,58.8
24.4,58.8
24.4,58.8
24.4,58.8
24.4,58.8
24.4,58.8
24.4,58.8
24.4,58.8
24.4,58.8
24.4,58.8
24.4,58.8
24.4,58.8
24.4,58.8
24.4,58.8
24.4,58.8
24.4,58.8
24.4,58.8
24.4,58.8
24.4,58.8
24.4,58.8
31.1,61.2
31.1,61.2
31.1,61.2
31.1,61.2
31.1,61.2
31.1,61.2
31.1,61.2
31.1,61.2
31.1,61.2
31.1,61.2
31.1,61.2
31.1,61.2
31.1,61.2
31.1,61.2
31.1,61.2
31.1,61.2
31.1,61.2
31.1,61.2
31.1,61.2
31.1,61.2
31.1,61.2
31.1,61.2
31.1,61.2
31.1,61.2
29.8,71.4
29.8,71.4
29.8,71.4
29.8,71.4
29.8,71.4
29.8,71.4
29.8,71.4
29.8,71.4
29.8,71.4
29.8,71.4
29.8,71.4
29.8,71.4
29.8,71.4
29.8,71.4
29.8,71.4
29.8,71.4
29.8,71.4
29.8,71.4
29.8,71.4
29.8,71.4
29.8,71.4
29.8,71.4
29.8,71.4
29.8,71.4
28.4,73.8
28.4,73.8
28.4,73.8
28.4,73.8
28.4,73.8
28.4,73.8
28.4,73.8
28.4,73.8
28.4,73.8
28.4,73.8
28.4,73.8
28.4,73.8
28.4,73.8
28.4,73.8
28.4,73.8
28.4,73.8
28.4,73.8
28.4,73.8
28.4,73.8
28.4,73.8
28.4,73.8
28.4,73.8
28.4,73.8
28.4,73.8
27.3,69
27.3,69
27.3,69
27.3,69
27.3,69
27.3,69
27.3,69
27.3,69
27.3,69
27.3,69
27.3,69
27.3,69
27.3,69
27.3,69
27.3,69
27.3,69
27.3,69
27.3,69
27.3,69
27.3,69
27.3,69
27.3,69
27.3,69
27.3,69
23.7,48.6
23.7,48.6
23.7,48.6
23.7,48.6
23.7,48.6
23.7,48.6
23.7,48.6
23.7,48.6
23.7,48.6
23.7,48.6
23.7,48.6
23.7,48.6
23.7,48.6
23.7,48.6
23.7,48.6
23.7,48.6
23.7,48.6
23.7,48.6
23.7,48.6
23.7,48.6
23.7,48.6
23.7,48.6
23.7,48.6
23.7,48.6
19.1,40.8
19.1,40.8
19.1,40.8
19.1,40.8
19.1,40.8
19.1,40.8
19.1,40.8
19.1,40.8
19.1,40.8
19.1,40.8
19.1,40.8
19.1,40.8
19.1,40.8
19.1,40.8
19.1,40.8
19.1,40.8
19.1,40.8
19.1,40.8
19.1,40.8
19.1,40.8
19.1,40.8
19.1,40.8
19.1,40.8
19.1,40.8
23.1,65.9
23.1,65.9
23.1,65.9
23.1,65.9
23.1,65.9
23.1,65.9
23.1,65.9
23.1,65.9
23.1,65.9
23.1,65.9
23.1,65.9
23.1,65.9
23.1,65.9
23.1,65.9
23.1,65.9
23.1,65.9
23.1,65.9
23.1,65.9
23.1,65.9
23.1,65.9
23.1,65.9
23.1,65.9
23.1,65.9
23.1,65.9
26.2,68.3
26.2,68.3
26.2,68.3
26.2,68.3
26.2,68.3
26.2,68.3
26.2,68.3
26.2,68.3
26.2,68.3
26.2,68.3
26.2,68.3
26.2,68.3
26.2,68.3
26.2,68.3
26.2,68.3
26.2,68.3
26.2,68.3
26.2,68.3
26.2,68.3
26.2,68.3
26.2,68.3
26.2,68.3
26.2,68.3
26.2,68.3
28,65.9
28,65.9
28,65.9
28,65.9
28,65.9
28,65.9
28,65.9
28,65.9
28,65.9
28,65.9
28,65.9
28,65.9
28,65.9
28,65.9
28,65.9
28,65.9
28,65.9
28,65.9
28,65.9
28,65.9
28,65.9
28,65.9
28,65.9
28,65.9
25.4,54.1
25.4,54.1
25.4,54.1
25.4,54.1
25.4,54.1
25.4,54.1
25.4,54.1
25.4,54.1
25.4,54.1
25.4,54.1
25.4,54.1
25.4,54.1
25.4,54.1
25.4,54.1
25.4,54.1
25.4,54.1
25.4,54.1
25.4,54.1
25.4,54.1
25.4,54.1
25.4,54.1
25.4,54.1
25.4,54.1
25.4,54.1
24.6,47.9
24.6,47.9
24.6,47.9
24.6,47.9
24.6,47.9
24.6,47.9
24.6,47.9
24.6,47.9
24.6,47.9
24.6,47.9
24.6,47.9
24.6,47.9
24.6,47.9
24.6,47.9
24.6,47.9
24.6,47.9
24.6,47.9
24.6,47.9
24.6,47.9
24.6,47.9
24.6,47.9
24.6,47.9
24.6,47.9
24.6,47.9
24.5,40.8
24.5,40.8
24.5,40.8
24.5,40.8
24.5,40.8
24.5,40.8
24.5,40.8
24.5,40.8
24.5,40.8
24.5,40.8
24.5,40.8
24.5,40.8
24.5,40.8
24.5,40.8
24.5,40.8
24.5,40.8
24.5,40.8
24.5,40.8
24.5,40.8
24.5,40.8
24.5,40.8
24.5,40.8
24.5,40.8
24.5,40.8
23.4,53.4
23.4,53.4
23.4,53.4
23.4,53.4
23.4,53.4
23.4,53.4
23.4,53.4
23.4,53.4
23.4,53.4
23.4,53.4
23.4,53.4
23.4,53.4
23.4,53.4
23.4,53.4
23.4,53.4
23.4,53.4
23.4,53.4
23.4,53.4
23.4,53.4
23.4,53.4
23.4,53.4
23.4,53.4
23.4,53.4
23.4,53.4
19.3,49.4
19.3,49.4
19.3,49.4
19.3,49.4
19.3,49.4
19.3,49.4
19.3,49.4
19.3,49.4
19.3,49.4
19.3,49.4
19.3,49.4
19.3,49.4
19.3,49.4
19.3,49.4
19.3,49.4
19.3,49.4
19.3,49.4
19.3,49.4
19.3,49.4
19.3,49.4
19.3,49.4
19.3,49.4
19.3,49.4
19.3,49.4
18.2,29
18.2,29
18.2,29
18.2,29
18.2,29
18.2,29
18.2,29
18.2,29
18.2,29
18.2,29
18.2,29
18.2,29
18.2,29
18.2,29
18.2,29
18.2,29
18.2,29
18.2,29
18.2,29
18.2,29
18.2,29
18.2,29
18.2,29
18.2,29
20.4,41.6
20.4,41.6
20.4,41.6
20.4,41.6
20.4,41.6
20.4,41.6
20.4,41.6
20.4,41.6
20.4,41.6
20.4,41.6
20.4,41.6
20.4,41.6
20.4,41.6
20.4,41.6
20.4,41.6
20.4,41.6
20.4,41.6
20.4,41.6
20.4,41.6
20.4,41.6
20.4,41.6
20.4,41.6
20.4,41.6
20.4,41.6
19.1,34.5
19.1,34.5
19.1,34.5
19.1,34.5
19.1,34.5
19.1,34.5
19.1,34.5
19.1,34.5
19.1,34.5
19.1,34.5
19.1,34.5
19.1,34.5
19.1,34.5
19.1,34.5
19.1,34.5
19.1,34.5
19.1,34.5
19.1,34.5
19.1,34.5
19.1,34.5
19.1,34.5
19.1,34.5
19.1,34.5
19.1,34.5
20,39.2
20,39.2
20,39.2
20,39.2
20,39.2
20,39.2
20,39.2
20,39.2
20,39.2
20,39.2
20,39.2
20,39.2
20,39.2
20,39.2
20,39.2
20,39.2
20,39.2
20,39.2
20,39.2
20,39.2
20,39.2
20,39.2
20,39.2
20,39.2
17.4,48.6
17.4,48.6
17.4,48.6
17.4,48.6
17.4,48.6
17.4,48.6
17.4,48.6
17.4,48.6
17.4,48.6
17.4,48.6
17.4,48.6
17.4,48.6
17.4,48.6
17.4,48.6
17.4,48.6
17.4,48.6
17.4,48.6
17.4,48.6
17.4,48.6
17.4,48.6
17.4,48.6
17.4,48.6
17.4,48.6
17.4,48.6
25.5,54.9
25.5,54.9
25.5,54.9
25.5,54.9
25.5,54.9
25.5,54.9
25.5,54.9
25.5,54.9
25.5,54.9
25.5,54.9
25.5,54.9
25.5,54.9
25.5,54.9
25.5,54.9
25.5,54.9
25.5,54.9
25.5,54.9
25.5,54.9
25.5,54.9
25.5,54.9
25.5,54.9
25.5,54.9
25.5,54.9
25.5,54.9
22.3,48.6
22.3,48.6
22.3,48.6
22.3,48.6
22.3,48.6
22.3,48.6
22.3,48.6
22.3,48.6
22.3,48.6
22.3,48.6
22.3,48.6
22.3,48.6
22.3,48.6
22.3,48.6
22.3,48.6
22.3,48.6
22.3,48.6
22.3,48.6
22.3,48.6
22.3,48.6
22.3,48.6
22.3,48.6
22.3,48.6
22.3,48.6
23.5,43.2
23.5,43.2
23.5,43.2
23.5,43.2
23.5,43.2
23.5,43.2
23.5,43.2
23.5,43.2
23.5,43.2
23.5,43.2
23.5,43.2
23.5,43.2
23.5,43.2
23.5,43.2
23.5,43.2
23.5,43.2
23.5,43.2
23.5,43.2
23.5,43.2
23.5,43.2
23.5,43.2
23.5,43.2
23.5,43.2
23.5,43.2
20.2,49.4
20.2,49.4
20.2,49.4
20.2,49.4
20.2,49.4
20.2,49.4
20.2,49.4
20.2,49.4
20.2,49.4
20.2,49.4
20.2,49.4
20.2,49.4
20.2,49.4
20.2,49.4
20.2,49.4
20.2,49.4
20.2,49.4
20.2,49.4
20.2,49.4
20.2,49.4
20.2,49.4
20.2,49.4
20.2,49.4
20.2,49.4
22.4,39.2
22.4,39.2
22.4,39.2
22.4,39.2
22.4,39.2
22.4,39.2
22.4,39.2
22.4,39.2
22.4,39.2
22.4,39.2
22.4,39.2
22.4,39.2
22.4,39.2
22.4,39.2
22.4,39.2
22.4,39.2
22.4,39.2
22.4,39.2
22.4,39.2
22.4,39.2
22.4,39.2
22.4,39.2
22.4,39.2
22.4,39.2
25.6,47.1
25.6,47.1
25.6,47.1
25.6,47.1
25.6,47.1
25.6,47.1
25.6,47.1
25.6,47.1
25.6,47.1
25.6,47.1
25.6,47.1
25.6,47.1
25.6,47.1
25.6,47.1
25.6,47.1
25.6,47.1
25.6,47.1
25.6,47.1
25.6,47.1
25.6,47.1
25.6,47.1
25.6,47.1
25.6,47.1
25.6,47.1
20,35.3
20,35.3
20,35.3
20,35.3
20,35.3
20,35.3
20,35.3
20,35.3
20,35.3
20,35.3
20,35.3
20,35.3
20,35.3
20,35.3
20,35.3
20,35.3
20,35.3
20,35.3
20,35.3
20,35.3
20,35.3
20,35.3
20,35.3
20,35.3
21,43.2
21,43.2
21,43.2
21,43.2
21,43.2
21,43.2
21,43.2
21,43.2
21,43.2
21,43.2
21,43.2
21,43.2
21,43.2
21,43.2
21,43.2
21,43.2
21,43.2
21,43.2
21,43.2
21,43.2
21,43.2
21,43.2
21,43.2
21,43.2
19.5,54.1
19.5,54.1
19.5,54.1
19.5,54.1
19.5,54.1
19.5,54.1
19.5,54.1
19.5,54.1
19.5,54.1
19.5,54.1
19.5,54.1
19.5,54.1
19.5,54.1
19.5,54.1
19.5,54.1
19.5,54.1
19.5,54.1
19.5,54.1
19.5,54.1
19.5,54.1
19.5,54.1
19.5,54.1
19.5,54.1
19.5,54.1
17.3,29
17.3,29
17.3,29
17.3,29
17.3,29
17.3,29
17.3,29
17.3,29
17.3,29
17.3,29
17.3,29
17.3,29
17.3,29
17.3,29
17.3,29
17.3,29
17.3,29
17.3,29
17.3,29
17.3,29
17.3,29
17.3,29
17.3,29
17.3,29
21.1,27.5
21.1,27.5
21.1,27.5
21.1,27.5
21.1,27.5
21.1,27.5
21.1,27.5
21.1,27.5
21.1,27.5
21.1,27.5
21.1,27.5
21.1,27.5
21.1,27.5
21.1,27.5
21.1,27.5
21.1,27.5
21.1,27.5
21.1,27.5
21.1,27.5
21.1,27.5
21.1,27.5
21.1,27.5
21.1,27.5
21.1,27.5
16.2,31.4
16.2,31.4
16.2,31.4
16.2,31.4
16.2,31.4
16.2,31.4
16.2,31.4
16.2,31.4
16.2,31.4
16.2,31.4
16.2,31.4
16.2,31.4
16.2,31.4
16.2,31.4
16.2,31.4
16.2,31.4
16.2,31.4
16.2,31.4
16.2,31.4
16.2,31.4
16.2,31.4
16.2,31.4
16.2,31.4
16.2,31.4
22,43.9
22,43.9
22,43.9
22,43.9
22,43.9
22,43.9
22,43.9
22,43.9
22,43.9
22,43.9
22,43.9
22,43.9
22,43.9
22,43.9
22,43.9
22,43.9
22,43.9
22,43.9
22,43.9
22,43.9
22,43.9
22,43.9
22,43.9
22,43.9
14.9,33
14.9,33
14.9,33
14.9,33
14.9,33
14.9,33
14.9,33
14.9,33
14.9,33
14.9,33
14.9,33
14.9,33
14.9,33
14.9,33
14.9,33
14.9,33
14.9,33
14.9,33
14.9,33
14.9,33
14.9,33
14.9,33
14.9,33
14.9,33
18.7,45.5
18.7,45.5
18.7,45.5
18.7,45.5
18.7,45.5
18.7,45.5
18.7,45.5
18.7,45.5
18.7,45.5
18.7,45.5
18.7,45.5
18.7,45.5
18.7,45.5
18.7,45.5
18.7,45.5
18.7,45.5
18.7,45.5
18.7,45.5
18.7,45.5
18.7,45.5
18.7,45.5
18.7,45.5
18.7,45.5
18.7,45.5
21.6,43.2
21.6,43.2
21.6,43.2
21.6,43.2
21.6,43.2
21.6,43.2
21.6,43.2
21.6,43.2
21.6,43.2
21.6,43.2
21.6,43.2
21.6,43.2
21.6,43.2
21.6,43.2
21.6,43.2
21.6,43.2
21.6,43.2
21.6,43.2
21.6,43.2
21.6,43.2
21.6,43.2
21.6,43.2
21.6,43.2
21.6,43.2
22,38.4
22,38.4
22,38.4
22,38.4
22,38.4
22,38.4
22,38.4
22,38.4
22,38.4
22,38.4
22,38.4
22,38.4
22,38.4
22,38.4
22,38.4
22,38.4
22,38.4
22,38.4
22,38.4
22,38.4
22,38.4
22,38.4
22,38.4
22,38.4
27.1,36.1
27.1,36.1
27.1,36.1
27.1,36.1
27.1,36.1
27.1,36.1
27.1,36.1
27.1,36.1
27.1,36.1
27.1,36.1
27.1,36.1
27.1,36.1
27.1,36.1
27.1,36.1
27.1,36.1
27.1,36.1
27.1,36.1
27.1,36.1
27.1,36.1
27.1,36.1
27.1,36.1
27.1,36.1
27.1,36.1
27.1,36.1
23,56.5
23,56.5
23,56.5
23,56.5
23,56.5
23,56.5
23,56.5
23,56.5
23,56.5
23,56.5
23,56.5
23,56.5
23,56.5
23,56.5
23,56.5
23,56.5
23,56.5
23,56.5
23,56.5
23,56.5
23,56.5
23,56.5
23,56.5
23,56.5
27,58.1
27,58.1
27,58.1
27,58.1
27,58.1
27,58.1
27,58.1
27,58.1
27,58.1
27,58.1
27,58.1
27,58.1
27,58.1
27,58.1
27,58.1
27,58.1
27,58.1
27,58.1
27,58.1
27,58.1
27,58.1
27,58.1
27,58.1
27,58.1
21,29
21,29
21,29
21,29
21,29
21,29
21,29
21,29
21,29
21,29
21,29
21,29
21,29
21,29
21,29
21,29
21,29
21,29
21,29
21,29
21,29
21,29
21,29
21,29
12.3,25.1
12.3,25.1
12.3,25.1
12.3,25.1
12.3,25.1
12.3,25.1
12.3,25.1
12.3,25.1
12.3,25.1
12.3,25.1
12.3,25.1
12.3,25.1
12.3,25.1
12.3,25.1
12.3,25.1
12.3,25.1
12.3,25.1
12.3,25.1
12.3,25.1
12.3,25.1
12.3,25.1
12.3,25.1
12.3,25.1
12.3,25.1
17,29
17,29
17,29
17,29
17,29
17,29
17,29
17,29
17,29
17,29
17,29
17,29
17,29
17,29
17,29
17,29
17,29
17,29
17,29
17,29
17,29
17,29
17,29
17,29
14,36.1
14,36.1
14,36.1
14,36.1
14,36.1
14,36.1
14,36.1
14,36.1
14,36.1
14,36.1
14,36.1
14,36.1
14,36.1
14,36.1
14,36.1
14,36.1
14,36.1
14,36.1
14,36.1
14,36.1
14,36.1
14,36.1
14,36.1
14,36.1
14.2,29
14.2,29
14.2,29
14.2,29
14.2,29
14.2,29
14.2,29
14.2,29
14.2,29
14.2,29
14.2,29
14.2,29
14.2,29
14.2,29
14.2,29
14.2,29
14.2,29
14.2,29
14.2,29
14.2,29
14.2,29
14.2,29
14.2,29
14.2,29
16.5,20.4
16.5,20.4
16.5,20.4
16.5,20.4
16.5,20.4
16.5,20.4
16.5,20.4
16.5,20.4
16.5,20.4
16.5,20.4
16.5,20.4
16.5,20.4
16.5,20.4
16.5,20.4
16.5,20.4
16.5,20.4
16.5,20.4
16.5,20.4
16.5,20.4
16.5,20.4
16.5,20.4
16.5,20.4
16.5,20.4
16.5,20.4
21.2,40.8
21.2,40.8
21.2,40.8
21.2,40.8
21.2,40.8
21.2,40.8
21.2,40.8
21.2,40.8
21.2,40.8
21.2,40.8
21.2,40.8
21.2,40.8
21.2,40.8
21.2,40.8
21.2,40.8
21.2,40.8
21.2,40.8
21.2,40.8
21.2,40.8
21.2,40.8
21.2,40.8
21.2,40.8
21.2,40.8
21.2,40.8
23.5,47.1
23.5,47.1
23.5,47.1
23.5,47.1
23.5,47.1
23.5,47.1
23.5,47.1
23.5,47.1
23.5,47.1
23.5,47.1
23.5,47.1
23.5,47.1
23.5,47.1
23.5,47.1
23.5,47.1
23.5,47.1
23.5,47.1
23.5,47.1
23.5,47.1
23.5,47.1
23.5,47.1
23.5,47.1
23.5,47.1
23.5,47.1
19.2,40
19.2,40
19.2,40
19.2,40
19.2,40
19.2,40
19.2,40
19.2,40
19.2,40
19.2,40
19.2,40
19.2,40
19.2,40
19.2,40
19.2,40
19.2,40
19.2,40
19.2,40
19.2,40
19.2,40
19.2,40
19.2,40
19.2,40
19.2,40
21.8,31.4
21.8,31.4
21.8,31.4
21.8,31.4
21.8,31.4
21.8,31.4
21.8,31.4
21.8,31.4
21.8,31.4
21.8,31.4
21.8,31.4
21.8,31.4
21.8,31.4
21.8,31.4
21.8,31.4
21.8,31.4
21.8,31.4
21.8,31.4
21.8,31.4
21.8,31.4
21.8,31.4
21.8,31.4
21.8,31.4
21.8,31.4
17.1,34.5
17.1,34.5
17.1,34.5
17.1,34.5
17.1,34.5
17.1,34.5
17.1,34.5
17.1,34.5
17.1,34.5
17.1,34.5
17.1,34.5
17.1,34.5
17.1,34.5
17.1,34.5
17.1,34.5
17.1,34.5
17.1,34.5
17.1,34.5
17.1,34.5
17.1,34.5
17.1,34.5
17.1,34.5
17.1,34.5
17.1,34.5
14.7,29.8
14.7,29.8
14.7,29.8
14.7,29.8
14.7,29.8
14.7,29.8
14.7,29.8
14.7,29.8
14.7,29.8
14.7,29.8
14.7,29.8
14.7,29.8
14.7,29.8
14.7,29.8
14.7,29.8
14.7,29.8
14.7,29.8
14.7,29.8
14.7,29.8
14.7,29.8
14.7,29.8
14.7,29.8
14.7,29.8
14.7,29.8
12.8,34.5
12.8,34.5
12.8,34.5
12.8,34.5
12.8,34.5
12.8,34.5
12.8,34.5
12.8,34.5
12.8,34.5
12.8,34.5
12.8,34.5
12.8,34.5
12.8,34.5
12.8,34.5
12.8,34.5
12.8,34.5
12.8,34.5
12.8,34.5
12.8,34.5
12.8,34.5
12.8,34.5
12.8,34.5
12.8,34.5
12.8,34.5
13.2,30.6
13.2,30.6
13.2,30.6
13.2,30.6
13.2,30.6
13.2,30.6
13.2,30.6
13.2,30.6
13.2,30.6
13.2,30.6
13.2,30.6
13.2,30.6
13.2,30.6
13.2,30.6
13.2,30.6
13.2,30.6
13.2,30.6
13.2,30.6
13.2,30.6
13.2,30.6
13.2,30.6
13.2,30.6
13.2,30.6
13.2,30.6
13.5,28.2
13.5,28.2
13.5,28.2
13.5,28.2
13.5,28.2
13.5,28.2
13.5,28.2
13.5,28.2
13.5,28.2
13.5,28.2
13.5,28.2
13.5,28.2
13.5,28.2
13.5,28.2
13.5,28.2
13.5,28.2
13.5,28.2
13.5,28.2
13.5,28.2
13.5,28.2
13.5,28.2
13.5,28.2
13.5,28.2
13.5,28.2
21.1,52.6
21.1,52.6
21.1,52.6
21.1,52.6
21.1,52.6
21.1,52.6
21.1,52.6
21.1,52.6
21.1,52.6
21.1,52.6
21.1,52.6
21.1,52.6
21.1,52.6
21.1,52.6
21.1,52.6
21.1,52.6
21.1,52.6
21.1,52.6
21.1,52.6
21.1,52.6
21.1,52.6
21.1,52.6
21.1,52.6
21.1,52.6
13.8,39.2
13.8,39.2
13.8,39.2
13.8,39.2
13.8,39.2
13.8,39.2
13.8,39.2
13.8,39.2
13.8,39.2
13.8,39.2
13.8,39.2
13.8,39.2
13.8,39.2
13.8,39.2
13.8,39.2
13.8,39.2
13.8,39.2
13.8,39.2
13.8,39.2
13.8,39.2
13.8,39.2
13.8,39.2
13.8,39.2
13.8,39.2
15.8,33
15.8,33
15.8,33
15.8,33
15.8,33
15.8,33
15.8,33
15.8,33
15.8,33
15.8,33
15.8,33
15.8,33
15.8,33
15.8,33
15.8,33
15.8,33
15.8,33
15.8,33
15.8,33
15.8,33
15.8,33
15.8,33
15.8,33
15.8,33
14.5,30.6
14.5,30.6
14.5,30.6
14.5,30.6
14.5,30.6
14.5,30.6
14.5,30.6
14.5,30.6
14.5,30.6
14.5,30.6
14.5,30.6
14.5,30.6
14.5,30.6
14.5,30.6
14.5,30.6
14.5,30.6
14.5,30.6
14.5,30.6
14.5,30.6
14.5,30.6
14.5,30.6
14.5,30.6
14.5,30.6
14.5,30.6
16.5,33
16.5,33
16.5,33
16.5,33
16.5,33
16.5,33
16.5,33
16.5,33
16.5,33
16.5,33
16.5,33
16.5,33
16.5,33
16.5,33
16.5,33
16.5,33
16.5,33
16.5,33
16.5,33
16.5,33
16.5,33
16.5,33
16.5,33
16.5,33
15.3,24.3
15.3,24.3
15.3,24.3
15.3,24.3
15.3,24.3
15.3,24.3
15.3,24.3
15.3,24.3
15.3,24.3
15.3,24.3
15.3,24.3
15.3,24.3
15.3,24.3
15.3,24.3
15.3,24.3
15.3,24.3
15.3,24.3
15.3,24.3
15.3,24.3
15.3,24.3
15.3,24.3
15.3,24.3
15.3,24.3
15.3,24.3
17,29
17,29
17,29
17,29
17,29
17,29
17,29
17,29
17,29
17,29
17,29
17,29
17,29
17,29
17,29
17,29
17,29
17,29
17,29
17,29
17,29
17,29
17,29
17,29
19.6,42.4
19.6,42.4
19.6,42.4
19.6,42.4
19.6,42.4
19.6,42.4
19.6,42.4
19.6,42.4
19.6,42.4
19.6,42.4
19.6,42.4
19.6,42.4
19.6,42.4
19.6,42.4
19.6,42.4
19.6,42.4
19.6,42.4
19.6,42.4
19.6,42.4
19.6,42.4
19.6,42.4
19.6,42.4
19.6,42.4
19.6,42.4
18,54.1
18,54.1
18,54.1
18,54.1
18,54.1
18,54.1
18,54.1
18,54.1
18,54.1
18,54.1
18,54.1
18,54.1
18,54.1
18,54.1
18,54.1
18,54.1
18,54.1
18,54.1
18,54.1
18,54.1
18,54.1
18,54.1
18,54.1
18,54.1
12.8,18.8
12.8,18.8
12.8,18.8
12.8,18.8
12.8,18.8
12.8,18.8
12.8,18.8
12.8,18.8
12.8,18.8
12.8,18.8
12.8,18.8
12.8,18.8
12.8,18.8
12.8,18.8
12.8,18.8
12.8,18.8
12.8,18.8
12.8,18.8
12.8,18.8
12.8,18.8
12.8,18.8
12.8,18.8
12.8,18.8
12.8,18.8
12.9,29.8
12.9,29.8
12.9,29.8
12.9,29.8
12.9,29.8
12.9,29.8
12.9,29.8
12.9,29.8
12.9,29.8
12.9,29.8
12.9,29.8
12.9,29.8
12.9,29.8
12.9,29.8
12.9,29.8
12.9,29.8
12.9,29.8
12.9,29.8
12.9,29.8
12.9,29.8
12.9,29.8
12.9,29.8
12.9,29.8
12.9,29.8
19.7,33.7
19.7,33.7
19.7,33.7
19.7,33.7
19.7,33.7
19.7,33.7
19.7,33.7
19.7,33.7
19.7,33.7
19.7,33.7
19.7,33.7
19.7,33.7
19.7,33.7
19.7,33.7
19.7,33.7
19.7,33.7
19.7,33.7
19.7,33.7
19.7,33.7
19.7,33.7
19.7,33.7
19.7,33.7
19.7,33.7
19.7,33.7
24.5,54.1
24.5,54.1
24.5,54.1
24.5,54.1
24.5,54.1
24.5,54.1
24.5,54.1
24.5,54.1
24.5,54.1
24.5,54.1
24.5,54.1
24.5,54.1
24.5,54.1
24.5,54.1
24.5,54.1
24.5,54.1
24.5,54.1
24.5,54.1
24.5,54.1
24.5,54.1
24.5,54.1
24.5,54.1
24.5,54.1
24.5,54.1
19.2,41.6
19.2,41.6
19.2,41.6
19.2,41.6
19.2,41.6
19.2,41.6
19.2,41.6
19.2,41.6
19.2,41.6
19.2,41.6
19.2,41.6
19.2,41.6
19.2,41.6
19.2,41.6
19.2,41.6
19.2,41.6
19.2,41.6
19.2,41.6
19.2,41.6
19.2,41.6
19.2,41.6
19.2,41.6
19.2,41.6
19.2,41.6
15.3,29.8
15.3,29.8
15.3,29.8
15.3,29.8
15.3,29.8
15.3,29.8
15.3,29.8
15.3,29.8
15.3,29.8
15.3,29.8
15.3,29.8
15.3,29.8
15.3,29.8
15.3,29.8
15.3,29.8
15.3,29.8
15.3,29.8
15.3,29.8
15.3,29.8
15.3,29.8
15.3,29.8
15.3,29.8
15.3,29.8
15.3,29.8
13,22
13,22
13,22
13,22
13,22
13,22
13,22
13,22
13,22
13,22
13,22
13,22
13,22
13,22
13,22
13,22
13,22
13,22
13,22
13,22
13,22
13,22
13,22
13,22
17.1,34.5
17.1,34.5
17.1,34.5
17.1,34.5
17.1,34.5
17.1,34.5
17.1,34.5
17.1,34.5
17.1,34.5
17.1,34.5
17.1,34.5
17.1,34.5
17.1,34.5
17.1,34.5
17.1,34.5
17.1,34.5
17.1,34.5
17.1,34.5
17.1,34.5
17.1,34.5
17.1,34.5
17.1,34.5
17.1,34.5
17.1,34.5
16.3,33.7
16.3,33.7
16.3,33.7
16.3,33.7
16.3,33.7
16.3,33.7
16.3,33.7
16.3,33.7
16.3,33.7
16.3,33.7
16.3,33.7
16.3,33.7
16.3,33.7
16.3,33.7
16.3,33.7
16.3,33.7
16.3,33.7
16.3,33.7
16.3,33.7
16.3,33.7
16.3,33.7
16.3,33.7
16.3,33.7
16.3,33.7
15.4,30.6
15.4,30.6
15.4,30.6
15.4,30.6
15.4,30.6
15.4,30.6
15.4,30.6
15.4,30.6
15.4,30.6
15.4,30.6
15.4,30.6
15.4,30.6
15.4,30.6
15.4,30.6
15.4,30.6
15.4,30.6
15.4,30.6
15.4,30.6
15.4,30.6
15.4,30.6
15.4,30.6
15.4,30.6
15.4,30.6
15.4,30.6
16.3,23.5
16.3,23.5
16.3,23.5
16.3,23.5
16.3,23.5
16.3,23.5
16.3,23.5
16.3,23.5
16.3,23.5
16.3,23.5
16.3,23.5
16.3,23.5
16.3,23.5
16.3,23.5
16.3,23.5
16.3,23.5
16.3,23.5
16.3,23.5
16.3,23.5
16.3,23.5
16.3,23.5
16.3,23.5
16.3,23.5
16.3,23.5
15.7,28.2
15.7,28.2
15.7,28.2
15.7,28.2
15.7,28.2
15.7,28.2
15.7,28.2
15.7,28.2
15.7,28.2
15.7,28.2
15.7,28.2
15.7,28.2
15.7,28.2
15.7,28.2
15.7,28.2
15.7,28.2
15.7,28.2
15.7,28.2
15.7,28.2
15.7,28.2
15.7,28.2
15.7,28.2
15.7,28.2
15.7,28.2
15.1,29
15.1,29
15.1,29
15.1,29
15.1,29
15.1,29
15.1,29
15.1,29
15.1,29
15.1,29
15.1,29
15.1,29
15.1,29
15.1,29
15.1,29
15.1,29
15.1,29
15.1,29
15.1,29
15.1,29
15.1,29
15.1,29
15.1,29
15.1,29
14.6,29
14.6,29
14.6,29
14.6,29
14.6,29
14.6,29
14.6,29
14.6,29
14.6,29
14.6,29
14.6,29
14.6,29
14.6,29
14.6,29
14.6,29
14.6,29
14.6,29
14.6,29
14.6,29
14.6,29
14.6,29
14.6,29
14.6,29
14.6,29
18.5,36.1
18.5,36.1
18.5,36.1
18.5,36.1
18.5,36.1
18.5,36.1
18.5,36.1
18.5,36.1
18.5,36.1
18.5,36.1
18.5,36.1
18.5,36.1
18.5,36.1
18.5,36.1
18.5,36.1
18.5,36.1
18.5,36.1
18.5,36.1
18.5,36.1
18.5,36.1
18.5,36.1
18.5,36.1
18.5,36.1
18.5,36.1
25.4,36.9
25.4,36.9
25.4,36.9
25.4,36.9
25.4,36.9
25.4,36.9
25.4,36.9
25.4,36.9
25.4,36.9
25.4,36.9
25.4,36.9
25.4,36.9
25.4,36.9
25.4,36.9
25.4,36.9
25.4,36.9
25.4,36.9
25.4,36.9
25.4,36.9
25.4,36.9
25.4,36.9
25.4,36.9
25.4,36.9
25.4,36.9
30.6,43.9
30.6,43.9
30.6,43.9
30.6,43.9
30.6,43.9
30.6,43.9
30.6,43.9
30.6,43.9
30.6,43.9
30.6,43.9
30.6,43.9
30.6,43.9
30.6,43.9
30.6,43.9
30.6,43.9
30.6,43.9
30.6,43.9
30.6,43.9
30.6,43.9
30.6,43.9
30.6,43.9
30.6,43.9
30.6,43.9
30.6,43.9
41.2,64.3
41.2,64.3
41.2,64.3
41.2,64.3
41.2,64.3
41.2,64.3
41.2,64.3
41.2,64.3
41.2,64.3
41.2,64.3
41.2,64.3
41.2,64.3
41.2,64.3
41.2,64.3
41.2,64.3
41.2,64.3
41.2,64.3
41.2,64.3
41.2,64.3
41.2,64.3
41.2,64.3
41.2,64.3
41.2,64.3
41.2,64.3
30.9,65.1
30.9,65.1
30.9,65.1
30.9,65.1
30.9,65.1
30.9,65.1
30.9,65.1
30.9,65.1
30.9,65.1
30.9,65.1
30.9,65.1
30.9,65.1
30.9,65.1
30.9,65.1
30.9,65.1
30.9,65.1
30.9,65.1
30.9,65.1
30.9,65.1
30.9,65.1
30.9,65.1
30.9,65.1
30.9,65.1
30.9,65.1
26,45.5
26,45.5
26,45.5
26,45.5
26,45.5
26,45.5
26,45.5
26,45.5
26,45.5
26,45.5
26,45.5
26,45.5
26,45.5
26,45.5
26,45.5
26,45.5
26,45.5
26,45.5
26,45.5
26,45.5
26,45.5
26,45.5
26,45.5
26,45.5
26.1,33.7
26.1,33.7
26.1,33.7
26.1,33.7
26.1,33.7
26.1,33.7
26.1,33.7
26.1,33.7
26.1,33.7
26.1,33.7
26.1,33.7
26.1,33.7
26.1,33.7
26.1,33.7
26.1,33.7
26.1,33.7
26.1,33.7
26.1,33.7
26.1,33.7
26.1,33.7
26.1,33.7
26.1,33.7
26.1,33.7
26.1,33.7
26.8,29
26.8,29
26.8,29
26.8,29
26.8,29
26.8,29
26.8,29
26.8,29
26.8,29
26.8,29
26.8,29
26.8,29
26.8,29
26.8,29
26.8,29
26.8,29
26.8,29
26.8,29
26.8,29
26.8,29
26.8,29
26.8,29
26.8,29
26.8,29
31.6,29.8
31.6,29.8
31.6,29.8
31.6,29.8
31.6,29.8
31.6,29.8
31.6,29.8
31.6,29.8
31.6,29.8
31.6,29.8
31.6,29.8
31.6,29.8
31.6,29.8
31.6,29.8
31.6,29.8
31.6,29.8
31.6,29.8
31.6,29.8
31.6,29.8
31.6,29.8
31.6,29.8
31.6,29.8
31.6,29.8
31.6,29.8
25.9,37.7
25.9,37.7
25.9,37.7
25.9,37.7
25.9,37.7
25.9,37.7
25.9,37.7
25.9,37.7
25.9,37.7
25.9,37.7
25.9,37.7
25.9,37.7
25.9,37.7
25.9,37.7
25.9,37.7
25.9,37.7
25.9,37.7
25.9,37.7
25.9,37.7
25.9,37.7
25.9,37.7
25.9,37.7
25.9,37.7
25.9,37.7
27,42.4
27,42.4
27,42.4
27,42.4
27,42.4
27,42.4
27,42.4
27,42.4
27,42.4
27,42.4
27,42.4
27,42.4
27,42.4
27,42.4
27,42.4
27,42.4
27,42.4
27,42.4
27,42.4
27,42.4
27,42.4
27,42.4
27,42.4
27,42.4
27.6,40.8
27.6,40.8
27.6,40.8
27.6,40.8
27.6,40.8
27.6,40.8
27.6,40.8
27.6,40.8
27.6,40.8
27.6,40.8
27.6,40.8
27.6,40.8
27.6,40.8
27.6,40.8
27.6,40.8
27.6,40.8
27.6,40.8
27.6,40.8
27.6,40.8
27.6,40.8
27.6,40.8
27.6,40.8
27.6,40.8
27.6,40.8
25.2,54.9
25.2,54.9
25.2,54.9
25.2,54.9
25.2,54.9
25.2,54.9
25.2,54.9
25.2,54.9
25.2,54.9
25.2,54.9
25.2,54.9
25.2,54.9
25.2,54.9
25.2,54.9
25.2,54.9
25.2,54.9
25.2,54.9
25.2,54.9
25.2,54.9
25.2,54.9
25.2,54.9
25.2,54.9
25.2,54.9
25.2,54.9
22.4,35.3
22.4,35.3
22.4,35.3
22.4,35.3
22.4,35.3
22.4,35.3
22.4,35.3
22.4,35.3
22.4,35.3
22.4,35.3
22.4,35.3
22.4,35.3
22.4,35.3
22.4,35.3
22.4,35.3
22.4,35.3
22.4,35.3
22.4,35.3
22.4,35.3
22.4,35.3
22.4,35.3
22.4,35.3
22.4,35.3
22.4,35.3
19.2,29
19.2,29
19.2,29
19.2,29
19.2,29
19.2,29
19.2,29
19.2,29
19.2,29
19.2,29
19.2,29
19.2,29
19.2,29
19.2,29
19.2,29
19.2,29
19.2,29
19.2,29
19.2,29
19.2,29
19.2,29
19.2,29
19.2,29
19.2,29
17.6,30.6
17.6,30.6
17.6,30.6
17.6,30.6
17.6,30.6
17.6,30.6
17.6,30.6
17.6,30.6
17.6,30.6
17.6,30.6
17.6,30.6
17.6,30.6
17.6,30.6
17.6,30.6
17.6,30.6
17.6,30.6
17.6,30.6
17.6,30.6
17.6,30.6
17.6,30.6
17.6,30.6
17.6,30.6
17.6,30.6
17.6,30.6
19.4,29
19.4,29
19.4,29
19.4,29
19.4,29
19.4,29
19.4,29
19.4,29
19.4,29
19.4,29
19.4,29
19.4,29
19.4,29
19.4,29
19.4,29
19.4,29
19.4,29
19.4,29
19.4,29
19.4,29
19.4,29
19.4,29
19.4,29
19.4,29
14.3,24.3
14.3,24.3
14.3,24.3
14.3,24.3
14.3,24.3
14.3,24.3
14.3,24.3
14.3,24.3
14.3,24.3
14.3,24.3
14.3,24.3
14.3,24.3
14.3,24.3
14.3,24.3
14.3,24.3
14.3,24.3
14.3,24.3
14.3,24.3
14.3,24.3
14.3,24.3
14.3,24.3
14.3,24.3
14.3,24.3
14.3,24.3
14.4,25.1
14.4,25.1
14.4,25.1
14.4,25.1
14.4,25.1
14.4,25.1
14.4,25.1
14.4,25.1
14.4,25.1
14.4,25.1
14.4,25.1
14.4,25.1
14.4,25.1
14.4,25.1
14.4,25.1
14.4,25.1
14.4,25.1
14.4,25.1
14.4,25.1
14.4,25.1
14.4,25.1
14.4,25.1
14.4,25.1
14.4,25.1
19.5,34.5
19.5,34.5
19.5,34.5
19.5,34.5
19.5,34.5
19.5,34.5
19.5,34.5
19.5,34.5
19.5,34.5
19.5,34.5
19.5,34.5
19.5,34.5
19.5,34.5
19.5,34.5
19.5,34.5
19.5,34.5
19.5,34.5
19.5,34.5
19.5,34.5
19.5,34.5
19.5,34.5
19.5,34.5
19.5,34.5
19.5,34.5
19,40
19,40
19,40
19,40
19,40
19,40
19,40
19,40
19,40
19,40
19,40
19,40
19,40
19,40
19,40
19,40
19,40
19,40
19,40
19,40
19,40
19,40
19,40
19,40
13.7,25.9
13.7,25.9
13.7,25.9
13.7,25.9
13.7,25.9
13.7,25.9
13.7,25.9
13.7,25.9
13.7,25.9
13.7,25.9
13.7,25.9
13.7,25.9
13.7,25.9
13.7,25.9
13.7,25.9
13.7,25.9
13.7,25.9
13.7,25.9
13.7,25.9
13.7,25.9
13.7,25.9
13.7,25.9
13.7,25.9
13.7,25.9
14.4,28.2
14.4,28.2
14.4,28.2
14.4,28.2
14.4,28.2
14.4,28.2
14.4,28.2
14.4,28.2
14.4,28.2
14.4,28.2
14.4,28.2
14.4,28.2
14.4,28.2
14.4,28.2
14.4,28.2
14.4,28.2
14.4,28.2
14.4,28.2
14.4,28.2
14.4,28.2
14.4,28.2
14.4,28.2
14.4,28.2
14.4,28.2
16.4,30.6
16.4,30.6
16.4,30.6
16.4,30.6
16.4,30.6
16.4,30.6
16.4,30.6
16.4,30.6
16.4,30.6
16.4,30.6
16.4,30.6
16.4,30.6
16.4,30.6
16.4,30.6
16.4,30.6
16.4,30.6
16.4,30.6
16.4,30.6
16.4,30.6
16.4,30.6
16.4,30.6
16.4,30.6
16.4,30.6
16.4,30.6
18.4,21.2
18.4,21.2
18.4,21.2
18.4,21.2
18.4,21.2
18.4,21.2
18.4,21.2
18.4,21.2
18.4,21.2
18.4,21.2
18.4,21.2
18.4,21.2
18.4,21.2
18.4,21.2
18.4,21.2
18.4,21.2
18.4,21.2
18.4,21.2
18.4,21.2
18.4,21.2
18.4,21.2
18.4,21.2
18.4,21.2
18.4,21.2
21.7,29.8
21.7,29.8
21.7,29.8
21.7,29.8
21.7,29.8
21.7,29.8
21.7,29.8
21.7,29.8
21.7,29.8
21.7,29.8
21.7,29.8
21.7,29.8
21.7,29.8
21.7,29.8
21.7,29.8
21.7,29.8
21.7,29.8
21.7,29.8
21.7,29.8
21.7,29.8
21.7,29.8
21.7,29.8
21.7,29.8
21.7,29.8
20.1,29
20.1,29
20.1,29
20.1,29
20.1,29
20.1,29
20.1,29
20.1,29
20.1,29
20.1,29
20.1,29
20.1,29
20.1,29
20.1,29
20.1,29
20.1,29
20.1,29
20.1,29
20.1,29
20.1,29
20.1,29
20.1,29
20.1,29
20.1,29
24.3,35.3
24.3,35.3
24.3,35.3
24.3,35.3
24.3,35.3
24.3,35.3
24.3,35.3
24.3,35.3
24.3,35.3
24.3,35.3
24.3,35.3
24.3,35.3
24.3,35.3
24.3,35.3
24.3,35.3
24.3,35.3
24.3,35.3
24.3,35.3
24.3,35.3
24.3,35.3
24.3,35.3
24.3,35.3
24.3,35.3
24.3,35.3
26.4,28.2
26.4,28.2
26.4,28.2
26.4,28.2
26.4,28.2
26.4,28.2
26.4,28.2
26.4,28.2
26.4,28.2
26.4,28.2
26.4,28.2
26.4,28.2
26.4,28.2
26.4,28.2
26.4,28.2
26.4,28.2
26.4,28.2
26.4,28.2
26.4,28.2
26.4,28.2
26.4,28.2
26.4,28.2
26.4,28.2
26.4,28.2
16.7,29
16.7,29
16.7,29
16.7,29
16.7,29
16.7,29
16.7,29
16.7,29
16.7,29
16.7,29
16.7,29
16.7,29
16.7,29
16.7,29
16.7,29
16.7,29
16.7,29
16.7,29
16.7,29
16.7,29
16.7,29
16.7,29
16.7,29
16.7,29
27.4,44.7
27.4,44.7
27.4,44.7
27.4,44.7
27.4,44.7
27.4,44.7
27.4,44.7
27.4,44.7
27.4,44.7
27.4,44.7
27.4,44.7
27.4,44.7
27.4,44.7
27.4,44.7
27.4,44.7
27.4,44.7
27.4,44.7
27.4,44.7
27.4,44.7
27.4,44.7
27.4,44.7
27.4,44.7
27.4,44.7
27.4,44.7
25.2,53.4
25.2,53.4
25.2,53.4
25.2,53.4
25.2,53.4
25.2,53.4
25.2,53.4
25.2,53.4
25.2,53.4
25.2,53.4
25.2,53.4
25.2,53.4
25.2,53.4
25.2,53.4
25.2,53.4
25.2,53.4
25.2,53.4
25.2,53.4
25.2,53.4
25.2,53.4
25.2,53.4
25.2,53.4
25.2,53.4
25.2,53.4
25.8,42.4
25.8,42.4
25.8,42.4
25.8,42.4
25.8,42.4
25.8,42.4
25.8,42.4
25.8,42.4
25.8,42.4
25.8,42.4
25.8,42.4
25.8,42.4
25.8,42.4
25.8,42.4
25.8,42.4
25.8,42.4
25.8,42.4
25.8,42.4
25.8,42.4
25.8,42.4
25.8,42.4
25.8,42.4
25.8,42.4
25.8,42.4
22.1,28.2
22.1,28.2
22.1,28.2
22.1,28.2
22.1,28.2
22.1,28.2
22.1,28.2
22.1,28.2
22.1,28.2
22.1,28.2
22.1,28.2
22.1,28.2
22.1,28.2
22.1,28.2
22.1,28.2
22.1,28.2
22.1,28.2
22.1,28.2
22.1,28.2
22.1,28.2
22.1,28.2
22.1,28.2
22.1,28.2
22.1,28.2
18.5,29
18.5,29
18.5,29
18.5,29
18.5,29
18.5,29
18.5,29
18.5,29
18.5,29
18.5,29
18.5,29
18.5,29
18.5,29
18.5,29
18.5,29
18.5,29
18.5,29
18.5,29
18.5,29
18.5,29
18.5,29
18.5,29
18.5,29
18.5,29
26,33
26,33
26,33
26,33
26,33
26,33
26,33
26,33
26,33
26,33
26,33
26,33
26,33
26,33
26,33
26,33
26,33
26,33
26,33
26,33
26,33
26,33
26,33
26,33
19.1,28.2
19.1,28.2
19.1,28.2
19.1,28.2
19.1,28.2
19.1,28.2
19.1,28.2
19.1,28.2
19.1,28.2
19.1,28.2
19.1,28.2
19.1,28.2
19.1,28.2
19.1,28.2
19.1,28.2
19.1,28.2
19.1,28.2
19.1,28.2
19.1,28.2
19.1,28.2
19.1,28.2
19.1,28.2
19.1,28.2
19.1,28.2
20.4,30.6
20.4,30.6
20.4,30.6
20.4,30.6
20.4,30.6
20.4,30.6
20.4,30.6
20.4,30.6
20.4,30.6
20.4,30.6
20.4,30.6
20.4,30.6
20.4,30.6
20.4,30.6
20.4,30.6
20.4,30.6
20.4,30.6
20.4,30.6
20.4,30.6
20.4,30.6
20.4,30.6
20.4,30.6
20.4,30.6
20.4,30.6
28.5,40
28.5,40
28.5,40
28.5,40
28.5,40
28.5,40
28.5,40
28.5,40
28.5,40
28.5,40
28.5,40
28.5,40
28.5,40
28.5,40
28.5,40
28.5,40
28.5,40
28.5,40
28.5,40
28.5,40
28.5,40
28.5,40
28.5,40
28.5,40
24.1,34.5
24.1,34.5
24.1,34.5
24.1,34.5
24.1,34.5
24.1,34.5
24.1,34.5
24.1,34.5
24.1,34.5
24.1,34.5
24.1,34.5
24.1,34.5
24.1,34.5
24.1,34.5
24.1,34.5
24.1,34.5
24.1,34.5
24.1,34.5
24.1,34.5
24.1,34.5
24.1,34.5
24.1,34.5
24.1,34.5
24.1,34.5
24.2,26.7
24.2,26.7
24.2,26.7
24.2,26.7
24.2,26.7
24.2,26.7
24.2,26.7
24.2,26.7
24.2,26.7
24.2,26.7
24.2,26.7
24.2,26.7
24.2,26.7
24.2,26.7
24.2,26.7
24.2,26.7
24.2,26.7
24.2,26.7
24.2,26.7
24.2,26.7
24.2,26.7
24.2,26.7
24.2,26.7
24.2,26.7
21.5,36.9
21.5,36.9
21.5,36.9
21.5,36.9
21.5,36.9
21.5,36.9
21.5,36.9
21.5,36.9
21.5,36.9
21.5,36.9
21.5,36.9
21.5,36.9
21.5,36.9
21.5,36.9
21.5,36.9
21.5,36.9
21.5,36.9
21.5,36.9
21.5,36.9
21.5,36.9
21.5,36.9
21.5,36.9
21.5,36.9
21.5,36.9
28.9,42.4
28.9,42.4
28.9,42.4
28.9,42.4
28.9,42.4
28.9,42.4
28.9,42.4
28.9,42.4
28.9,42.4
28.9,42.4
28.9,42.4
28.9,42.4
28.9,42.4
28.9,42.4
28.9,42.4
28.9,42.4
28.9,42.4
28.9,42.4
28.9,42.4
28.9,42.4
28.9,42.4
28.9,42.4
28.9,42.4
28.9,42.4
24.7,41.6
24.7,41.6
24.7,41.6
24.7,41.6
24.7,41.6
24.7,41.6
24.7,41.6
24.7,41.6
24.7,41.6
24.7,41.6
24.7,41.6
24.7,41.6
24.7,41.6
24.7,41.6
24.7,41.6
24.7,41.6
24.7,41.6
24.7,41.6
24.7,41.6
24.7,41.6
24.7,41.6
24.7,41.6
24.7,41.6
24.7,41.6
14.3,30.6
14.3,30.6
14.3,30.6
14.3,30.6
14.3,30.6
14.3,30.6
14.3,30.6
14.3,30.6
14.3,30.6
14.3,30.6
14.3,30.6
14.3,30.6
14.3,30.6
14.3,30.6
14.3,30.6
14.3,30.6
14.3,30.6
14.3,30.6
14.3,30.6
14.3,30.6
14.3,30.6
14.3,30.6
14.3,30.6
14.3,30.6
17.4,33
17.4,33
17.4,33
17.4,33
17.4,33
17.4,33
17.4,33
17.4,33
17.4,33
17.4,33
17.4,33
17.4,33
17.4,33
17.4,33
17.4,33
17.4,33
17.4,33
17.4,33
17.4,33
17.4,33
17.4,33
17.4,33
17.4,33
17.4,33
26.8,51.8
26.8,51.8
26.8,51.8
26.8,51.8
26.8,51.8
26.8,51.8
26.8,51.8
26.8,51.8
26.8,51.8
26.8,51.8
26.8,51.8
26.8,51.8
26.8,51.8
26.8,51.8
26.8,51.8
26.8,51.8
26.8,51.8
26.8,51.8
26.8,51.8
26.8,51.8
26.8,51.8
26.8,51.8
26.8,51.8
26.8,51.8
26.2,50.2
26.2,50.2
26.2,50.2
26.2,50.2
26.2,50.2
26.2,50.2
26.2,50.2
26.2,50.2
26.2,50.2
26.2,50.2
26.2,50.2
26.2,50.2
26.2,50.2
26.2,50.2
26.2,50.2
26.2,50.2
26.2,50.2
26.2,50.2
26.2,50.2
26.2,50.2
26.2,50.2
26.2,50.2
26.2,50.2
26.2,50.2
19.3,51
19.3,51
19.3,51
19.3,51
19.3,51
19.3,51
19.3,51
19.3,51
19.3,51
19.3,51
19.3,51
19.3,51
19.3,51
19.3,51
19.3,51
19.3,51
19.3,51
19.3,51
19.3,51
19.3,51
19.3,51
19.3,51
19.3,51
19.3,51
17.1,45.5
17.1,45.5
17.1,45.5
17.1,45.5
17.1,45.5
17.1,45.5
17.1,45.5
17.1,45.5
17.1,45.5
17.1,45.5
17.1,45.5
17.1,45.5
17.1,45.5
17.1,45.5
17.1,45.5
17.1,45.5
17.1,45.5
17.1,45.5
17.1,45.5
17.1,45.5
17.1,45.5
17.1,45.5
17.1,45.5
17.1,45.5
30.1,49.4
30.1,49.4
30.1,49.4
30.1,49.4
30.1,49.4
30.1,49.4
30.1,49.4
30.1,49.4
30.1,49.4
30.1,49.4
30.1,49.4
30.1,49.4
30.1,49.4
30.1,49.4
30.1,49.4
30.1,49.4
30.1,49.4
30.1,49.4
30.1,49.4
30.1,49.4
30.1,49.4
30.1,49.4
30.1,49.4
30.1,49.4
36.8,54.9
36.8,54.9
36.8,54.9
36.8,54.9
36.8,54.9
36.8,54.9
36.8,54.9
36.8,54.9
36.8,54.9
36.8,54.9
36.8,54.9
36.8,54.9
36.8,54.9
36.8,54.9
36.8,54.9
36.8,54.9
36.8,54.9
36.8,54.9
36.8,54.9
36.8,54.9
36.8,54.9
36.8,54.9
36.8,54.9
36.8,54.9
32.3,44.7
32.3,44.7
32.3,44.7
32.3,44.7
32.3,44.7
32.3,44.7
32.3,44.7
32.3,44.7
32.3,44.7
32.3,44.7
32.3,44.7
32.3,44.7
32.3,44.7
32.3,44.7
32.3,44.7
32.3,44.7
32.3,44.7
32.3,44.7
32.3,44.7
32.3,44.7
32.3,44.7
32.3,44.7
32.3,44.7
32.3,44.7
33.4,33
33.4,33
33.4,33
33.4,33
33.4,33
33.4,33
33.4,33
33.4,33
33.4,33
33.4,33
33.4,33
33.4,33
33.4,33
33.4,33
33.4,33
33.4,33
33.4,33
33.4,33
33.4,33
33.4,33
33.4,33
33.4,33
33.4,33
33.4,33
27.3,22.8
27.3,22.8
27.3,22.8
27.3,22.8
27.3,22.8
27.3,22.8
27.3,22.8
27.3,22.8
27.3,22.8
27.3,22.8
27.3,22.8
27.3,22.8
27.3,22.8
27.3,22.8
27.3,22.8
27.3,22.8
27.3,22.8
27.3,22.8
27.3,22.8
27.3,22.8
27.3,22.8
27.3,22.8
27.3,22.8
27.3,22.8
24.1,27.5
24.1,27.5
24.1,27.5
24.1,27.5
24.1,27.5
24.1,27.5
24.1,27.5
24.1,27.5
24.1,27.5
24.1,27.5
24.1,27.5
24.1,27.5
24.1,27.5
24.1,27.5
24.1,27.5
24.1,27.5
24.1,27.5
24.1,27.5
24.1,27.5
24.1,27.5
24.1,27.5
24.1,27.5
24.1,27.5
24.1,27.5
24.9,26.7
24.9,26.7
24.9,26.7
24.9,26.7
24.9,26.7
24.9,26.7
24.9,26.7
24.9,26.7
24.9,26.7
24.9,26.7
24.9,26.7
24.9,26.7
24.9,26.7
24.9,26.7
24.9,26.7
24.9,26.7
24.9,26.7
24.9,26.7
24.9,26.7
24.9,26.7
24.9,26.7
24.9,26.7
24.9,26.7
24.9,26.7
22.2,43.2
22.2,43.2
22.2,43.2
22.2,43.2
22.2,43.2
22.2,43.2
22.2,43.2
22.2,43.2
22.2,43.2
22.2,43.2
22.2,43.2
22.2,43.2
22.2,43.2
22.2,43.2
22.2,43.2
22.2,43.2
22.2,43.2
22.2,43.2
22.2,43.2
22.2,43.2
22.2,43.2
22.2,43.2
22.2,43.2
22.2,43.2
26.1,37.7
26.1,37.7
26.1,37.7
26.1,37.7
26.1,37.7
26.1,37.7
26.1,37.7
26.1,37.7
26.1,37.7
26.1,37.7
26.1,37.7
26.1,37.7
26.1,37.7
26.1,37.7
26.1,37.7
26.1,37.7
26.1,37.7
26.1,37.7
26.1,37.7
26.1,37.7
26.1,37.7
26.1,37.7
26.1,37.7
26.1,37.7
20.7,25.1
20.7,25.1
20.7,25.1
20.7,25.1
20.7,25.1
20.7,25.1
20.7,25.1
20.7,25.1
20.7,25.1
20.7,25.1
20.7,25.1
20.7,25.1
20.7,25.1
20.7,25.1
20.7,25.1
20.7,25.1
20.7,25.1
20.7,25.1
20.7,25.1
20.7,25.1
20.7,25.1
20.7,25.1
20.7,25.1
20.7,25.1
21,30.6
21,30.6
21,30.6
21,30.6
21,30.6
21,30.6
21,30.6
21,30.6
21,30.6
21,30.6
21,30.6
21,30.6
21,30.6
21,30.6
21,30.6
21,30.6
21,30.6
21,30.6
21,30.6
21,30.6
21,30.6
21,30.6
21,30.6
21,30.6
23.1,33.7
23.1,33.7
23.1,33.7
23.1,33.7
23.1,33.7
23.1,33.7
23.1,33.7
23.1,33.7
23.1,33.7
23.1,33.7
23.1,33.7
23.1,33.7
23.1,33.7
23.1,33.7
23.1,33.7
23.1,33.7
23.1,33.7
23.1,33.7
23.1,33.7
23.1,33.7
23.1,33.7
23.1,33.7
23.1,33.7
23.1,33.7
27.5,34.5
27.5,34.5
27.5,34.5
27.5,34.5
27.5,34.5
27.5,34.5
27.5,34.5
27.5,34.5
27.5,34.5
27.5,34.5
27.5,34.5
27.5,34.5
27.5,34.5
27.5,34.5
27.5,34.5
27.5,34.5
27.5,34.5
27.5,34.5
27.5,34.5
27.5,34.5
27.5,34.5
27.5,34.5
27.5,34.5
27.5,34.5
26.3,38.4
26.3,38.4
26.3,38.4
26.3,38.4
26.3,38.4
26.3,38.4
26.3,38.4
26.3,38.4
26.3,38.4
26.3,38.4
26.3,38.4
26.3,38.4
26.3,38.4
26.3,38.4
26.3,38.4
26.3,38.4
26.3,38.4
26.3,38.4
26.3,38.4
26.3,38.4
26.3,38.4
26.3,38.4
26.3,38.4
26.3,38.4
22.2,46.3
22.2,46.3
22.2,46.3
22.2,46.3
22.2,46.3
22.2,46.3
22.2,46.3
22.2,46.3
22.2,46.3
22.2,46.3
22.2,46.3
22.2,46.3
22.2,46.3
22.2,46.3
22.2,46.3
22.2,46.3
22.2,46.3
22.2,46.3
22.2,46.3
22.2,46.3
22.2,46.3
22.2,46.3
22.2,46.3
22.2,46.3
28.3,40.8
28.3,40.8
28.3,40.8
28.3,40.8
28.3,40.8
28.3,40.8
28.3,40.8
28.3,40.8
28.3,40.8
28.3,40.8
28.3,40.8
28.3,40.8
28.3,40.8
28.3,40.8
28.3,40.8
28.3,40.8
28.3,40.8
28.3,40.8
28.3,40.8
28.3,40.8
28.3,40.8
28.3,40.8
28.3,40.8
28.3,40.8
